title,company,closing date,role,location,link
2025 Bankwest Technology Graduate Program - Perth,CommBank,22/03/2024,Graduate,Perth,https://au.gradconnection.com/employers/commonwealth-bank/jobs/commbank-2025-bankwest-technology-graduate-program-perth/
2025 Bankwest Technology Graduate Program - Perth,CommBank,22/03/2024,Graduate,Perth,https://au.gradconnection.com/employers/commonwealth-bank/jobs/commbank-2025-bankwest-technology-graduate-program-perth/
2025 CommBank Risk Management Graduate Program,CommBank,22/03/2024,Graduate,Sydney,https://au.gradconnection.com/employers/commonwealth-bank/jobs/commbank-2025-commbank-risk-management-graduate-program/
2025 CommBank Risk Management Graduate Program,CommBank,22/03/2024,Graduate,Sydney,https://au.gradconnection.com/employers/commonwealth-bank/jobs/commbank-2025-commbank-risk-management-graduate-program/
2025 Marketing & Corporate Affairs Graduate Program,CommBank,22/03/2024,Graduate,Sydney,https://au.gradconnection.com/employers/commonwealth-bank/jobs/commbank-2025-marketing-corporate-affairs-graduate-program/
2025 Marketing & Corporate Affairs Graduate Program,CommBank,22/03/2024,Graduate,Sydney,https://au.gradconnection.com/employers/commonwealth-bank/jobs/commbank-2025-marketing-corporate-affairs-graduate-program/
2025 Engineering and Cyber Security Graduate Program,CommBank,22/03/2024,Graduate,Melbourne and 2 others,https://au.gradconnection.com/employers/commonwealth-bank/jobs/commbank-2025-engineering-and-cyber-security-graduate-program/
2025 Engineering and Cyber Security Graduate Program,CommBank,22/03/2024,Graduate,Melbourne and 2 others,https://au.gradconnection.com/employers/commonwealth-bank/jobs/commbank-2025-engineering-and-cyber-security-graduate-program/
2025 Data Science and Analytics Graduate Program,CommBank,22/03/2024,Graduate,Melbourne and 2 others,https://au.gradconnection.com/employers/commonwealth-bank/jobs/commbank-2025-data-science-and-analytics-graduate-program/
2025 Data Science and Analytics Graduate Program,CommBank,22/03/2024,Graduate,Melbourne and 2 others,https://au.gradconnection.com/employers/commonwealth-bank/jobs/commbank-2025-data-science-and-analytics-graduate-program/
2024 Graduate Program | Technology - Sydney,Cognizant,22/03/2024,Graduate,Sydney,https://au.gradconnection.com/employers/cognizant/jobs/cognizant-2024-graduate-program-technology-sydney/
2024 Graduate Program | Technology - Sydney,Cognizant,22/03/2024,Graduate,Sydney,https://au.gradconnection.com/employers/cognizant/jobs/cognizant-2024-graduate-program-technology-sydney/
2024 Graduate Program | Technology - Adelaide,Cognizant,22/03/2024,Graduate,Adelaide,https://au.gradconnection.com/employers/cognizant/jobs/cognizant-2024-graduate-program-technology-adelaide/
2024 Graduate Program | Technology - Adelaide,Cognizant,22/03/2024,Graduate,Adelaide,https://au.gradconnection.com/employers/cognizant/jobs/cognizant-2024-graduate-program-technology-adelaide/
2024 Graduate Program | Technology - Melbourne,Cognizant,22/03/2024,Graduate,Melbourne,https://au.gradconnection.com/employers/cognizant/jobs/cognizant-2024-graduate-program-technology-melbourne/
2024 Graduate Program | Technology - Melbourne,Cognizant,22/03/2024,Graduate,Melbourne,https://au.gradconnection.com/employers/cognizant/jobs/cognizant-2024-graduate-program-technology-melbourne/
Consulting and Advisory Graduate Program,PwC,22/03/2024,Graduate,Adelaide and 7 others,https://au.gradconnection.com/employers/pwc/jobs/pwc-consulting-and-advisory-graduate-program/
Consulting and Advisory Graduate Program,PwC,22/03/2024,Graduate,Adelaide and 7 others,https://au.gradconnection.com/employers/pwc/jobs/pwc-consulting-and-advisory-graduate-program/
Technology Graduate Program,PwC,22/03/2024,Graduate,Brisbane and 3 others,https://au.gradconnection.com/employers/pwc/jobs/pwc-technology-graduate-program/
Technology Graduate Program,PwC,22/03/2024,Graduate,Brisbane and 3 others,https://au.gradconnection.com/employers/pwc/jobs/pwc-technology-graduate-program/
Graduate Helpdesk Support,ACS Foundation,22/03/2024,Graduate,Melbourne,https://au.gradconnection.com/employers/acs-foundation/jobs/acs-foundation-graduate-helpdesk-support/
Graduate Helpdesk Support,ACS Foundation,22/03/2024,Graduate,Melbourne,https://au.gradconnection.com/employers/acs-foundation/jobs/acs-foundation-graduate-helpdesk-support/
Graduate Service Desk Analyst,ACS Foundation,22/03/2024,Graduate,Sydney,https://au.gradconnection.com/employers/acs-foundation/jobs/acs-foundation-graduate-service-desk-analyst-18/
Graduate Service Desk Analyst,ACS Foundation,22/03/2024,Graduate,Sydney,https://au.gradconnection.com/employers/acs-foundation/jobs/acs-foundation-graduate-service-desk-analyst-18/
Trainee Cloud Infrastructure Engineer,ACS Foundation,22/03/2024,Graduate,Brisbane,https://au.gradconnection.com/employers/acs-foundation/jobs/acs-foundation-trainee-cloud-infrastructure-engineer/
Trainee Cloud Infrastructure Engineer,ACS Foundation,22/03/2024,Graduate,Brisbane,https://au.gradconnection.com/employers/acs-foundation/jobs/acs-foundation-trainee-cloud-infrastructure-engineer/
2024 Graduate Program - Information Technology,"Beon, CitiPower, Powercor and United Energy",24/03/2024,Graduate,Melbourne,https://au.gradconnection.com/employers/beon-citipower-powercor-and-united-energy/jobs/beon-citipower-powercor-and-united-energy-2024-graduate-program-information-technology/
2024 Graduate Program - Information Technology,"Beon, CitiPower, Powercor and United Energy",24/03/2024,Graduate,Melbourne,https://au.gradconnection.com/employers/beon-citipower-powercor-and-united-energy/jobs/beon-citipower-powercor-and-united-energy-2024-graduate-program-information-technology/
GHD Graduate Program 2024/25 - New Zealand,GHD,24/03/2024,Graduate,Auckland and 8 others,https://au.gradconnection.com/employers/ghd/jobs/ghd-ghd-graduate-program-202425-new-zealand/
GHD Graduate Program 2024/25 - New Zealand,GHD,24/03/2024,Graduate,Auckland and 8 others,https://au.gradconnection.com/employers/ghd/jobs/ghd-ghd-graduate-program-202425-new-zealand/
GHD Graduate Program 2024/25 - Advisory,GHD,24/03/2024,Graduate,Adelaide and 8 others,https://au.gradconnection.com/employers/ghd/jobs/ghd-ghd-graduate-program-202425-advisory/
GHD Graduate Program 2024/25 - Advisory,GHD,24/03/2024,Graduate,Adelaide and 8 others,https://au.gradconnection.com/employers/ghd/jobs/ghd-ghd-graduate-program-202425-advisory/
GHD Graduate Program 2024/25 - Advisory,GHD,24/03/2024,Graduate,Auckland and 2 others,https://au.gradconnection.com/employers/ghd/jobs/ghd-ghd-graduate-program-202425-advisory-2/
GHD Graduate Program 2024/25 - Advisory,GHD,24/03/2024,Graduate,Auckland and 2 others,https://au.gradconnection.com/employers/ghd/jobs/ghd-ghd-graduate-program-202425-advisory-2/
Consulting and Advisory Graduate Program,PwC,22/03/2024,Graduate,Adelaide and 7 others,https://au.gradconnection.com/employers/pwc/jobs/pwc-consulting-and-advisory-graduate-program/
Consulting and Advisory Graduate Program,PwC,22/03/2024,Graduate,Adelaide and 7 others,https://au.gradconnection.com/employers/pwc/jobs/pwc-consulting-and-advisory-graduate-program/
Technology Graduate Program,PwC,22/03/2024,Graduate,Brisbane and 3 others,https://au.gradconnection.com/employers/pwc/jobs/pwc-technology-graduate-program/
Technology Graduate Program,PwC,22/03/2024,Graduate,Brisbane and 3 others,https://au.gradconnection.com/employers/pwc/jobs/pwc-technology-graduate-program/
Graduate Helpdesk Support,ACS Foundation,22/03/2024,Graduate,Melbourne,https://au.gradconnection.com/employers/acs-foundation/jobs/acs-foundation-graduate-helpdesk-support/
Graduate Helpdesk Support,ACS Foundation,22/03/2024,Graduate,Melbourne,https://au.gradconnection.com/employers/acs-foundation/jobs/acs-foundation-graduate-helpdesk-support/
Graduate Service Desk Analyst,ACS Foundation,22/03/2024,Graduate,Sydney,https://au.gradconnection.com/employers/acs-foundation/jobs/acs-foundation-graduate-service-desk-analyst-18/
Graduate Service Desk Analyst,ACS Foundation,22/03/2024,Graduate,Sydney,https://au.gradconnection.com/employers/acs-foundation/jobs/acs-foundation-graduate-service-desk-analyst-18/
Trainee Cloud Infrastructure Engineer,ACS Foundation,22/03/2024,Graduate,Brisbane,https://au.gradconnection.com/employers/acs-foundation/jobs/acs-foundation-trainee-cloud-infrastructure-engineer/
Trainee Cloud Infrastructure Engineer,ACS Foundation,22/03/2024,Graduate,Brisbane,https://au.gradconnection.com/employers/acs-foundation/jobs/acs-foundation-trainee-cloud-infrastructure-engineer/
2024 Graduate Program | Technology - Sydney,Cognizant,22/03/2024,Graduate,Sydney,https://au.gradconnection.com/employers/cognizant/jobs/cognizant-2024-graduate-program-technology-sydney/
2024 Graduate Program | Technology - Sydney,Cognizant,22/03/2024,Graduate,Sydney,https://au.gradconnection.com/employers/cognizant/jobs/cognizant-2024-graduate-program-technology-sydney/
2024 Graduate Program | Technology - Adelaide,Cognizant,22/03/2024,Graduate,Adelaide,https://au.gradconnection.com/employers/cognizant/jobs/cognizant-2024-graduate-program-technology-adelaide/
2024 Graduate Program | Technology - Adelaide,Cognizant,22/03/2024,Graduate,Adelaide,https://au.gradconnection.com/employers/cognizant/jobs/cognizant-2024-graduate-program-technology-adelaide/
2024 Graduate Program | Technology - Melbourne,Cognizant,22/03/2024,Graduate,Melbourne,https://au.gradconnection.com/employers/cognizant/jobs/cognizant-2024-graduate-program-technology-melbourne/
2024 Graduate Program | Technology - Melbourne,Cognizant,22/03/2024,Graduate,Melbourne,https://au.gradconnection.com/employers/cognizant/jobs/cognizant-2024-graduate-program-technology-melbourne/
2025 Bankwest Technology Graduate Program - Perth,CommBank,22/03/2024,Graduate,Perth,https://au.gradconnection.com/employers/commonwealth-bank/jobs/commbank-2025-bankwest-technology-graduate-program-perth/
2025 Bankwest Technology Graduate Program - Perth,CommBank,22/03/2024,Graduate,Perth,https://au.gradconnection.com/employers/commonwealth-bank/jobs/commbank-2025-bankwest-technology-graduate-program-perth/
2025 CommBank Risk Management Graduate Program,CommBank,22/03/2024,Graduate,Sydney,https://au.gradconnection.com/employers/commonwealth-bank/jobs/commbank-2025-commbank-risk-management-graduate-program/
2025 CommBank Risk Management Graduate Program,CommBank,22/03/2024,Graduate,Sydney,https://au.gradconnection.com/employers/commonwealth-bank/jobs/commbank-2025-commbank-risk-management-graduate-program/
2025 Marketing & Corporate Affairs Graduate Program,CommBank,22/03/2024,Graduate,Sydney,https://au.gradconnection.com/employers/commonwealth-bank/jobs/commbank-2025-marketing-corporate-affairs-graduate-program/
2025 Marketing & Corporate Affairs Graduate Program,CommBank,22/03/2024,Graduate,Sydney,https://au.gradconnection.com/employers/commonwealth-bank/jobs/commbank-2025-marketing-corporate-affairs-graduate-program/
2025 Engineering and Cyber Security Graduate Program,CommBank,22/03/2024,Graduate,Melbourne and 2 others,https://au.gradconnection.com/employers/commonwealth-bank/jobs/commbank-2025-engineering-and-cyber-security-graduate-program/
2025 Engineering and Cyber Security Graduate Program,CommBank,22/03/2024,Graduate,Melbourne and 2 others,https://au.gradconnection.com/employers/commonwealth-bank/jobs/commbank-2025-engineering-and-cyber-security-graduate-program/
2025 Data Science and Analytics Graduate Program,CommBank,22/03/2024,Graduate,Melbourne and 2 others,https://au.gradconnection.com/employers/commonwealth-bank/jobs/commbank-2025-data-science-and-analytics-graduate-program/
2025 Data Science and Analytics Graduate Program,CommBank,22/03/2024,Graduate,Melbourne and 2 others,https://au.gradconnection.com/employers/commonwealth-bank/jobs/commbank-2025-data-science-and-analytics-graduate-program/
2024 Graduate Program - Information Technology,"Beon, CitiPower, Powercor and United Energy",24/03/2024,Graduate,Melbourne,https://au.gradconnection.com/employers/beon-citipower-powercor-and-united-energy/jobs/beon-citipower-powercor-and-united-energy-2024-graduate-program-information-technology/
2024 Graduate Program - Information Technology,"Beon, CitiPower, Powercor and United Energy",24/03/2024,Graduate,Melbourne,https://au.gradconnection.com/employers/beon-citipower-powercor-and-united-energy/jobs/beon-citipower-powercor-and-united-energy-2024-graduate-program-information-technology/
GHD Graduate Program 2024/25 - New Zealand,GHD,24/03/2024,Graduate,Auckland and 8 others,https://au.gradconnection.com/employers/ghd/jobs/ghd-ghd-graduate-program-202425-new-zealand/
GHD Graduate Program 2024/25 - New Zealand,GHD,24/03/2024,Graduate,Auckland and 8 others,https://au.gradconnection.com/employers/ghd/jobs/ghd-ghd-graduate-program-202425-new-zealand/
GHD Graduate Program 2024/25 - Advisory,GHD,24/03/2024,Graduate,Adelaide and 8 others,https://au.gradconnection.com/employers/ghd/jobs/ghd-ghd-graduate-program-202425-advisory/
GHD Graduate Program 2024/25 - Advisory,GHD,24/03/2024,Graduate,Adelaide and 8 others,https://au.gradconnection.com/employers/ghd/jobs/ghd-ghd-graduate-program-202425-advisory/
GHD Graduate Program 2024/25 - Advisory,GHD,24/03/2024,Graduate,Auckland and 2 others,https://au.gradconnection.com/employers/ghd/jobs/ghd-ghd-graduate-program-202425-advisory-2/
GHD Graduate Program 2024/25 - Advisory,GHD,24/03/2024,Graduate,Auckland and 2 others,https://au.gradconnection.com/employers/ghd/jobs/ghd-ghd-graduate-program-202425-advisory-2/
GHD Graduate Program 2024/25 - Regional Western Australia,GHD,24/03/2024,Graduate,Albany and 3 others,https://au.gradconnection.com/employers/ghd/jobs/ghd-ghd-graduate-program-202425-regional-western-australia/
GHD Graduate Program 2024/25 - Regional Western Australia,GHD,24/03/2024,Graduate,Albany and 3 others,https://au.gradconnection.com/employers/ghd/jobs/ghd-ghd-graduate-program-202425-regional-western-australia/
GHD Graduate Program 2024/25 - GHD Digital Consulting,GHD,24/03/2024,Graduate,Auckland and 2 others,https://au.gradconnection.com/employers/ghd/jobs/ghd-ghd-graduate-program-202425-ghd-digital-consulting/
GHD Graduate Program 2024/25 - GHD Digital Consulting,GHD,24/03/2024,Graduate,Auckland and 2 others,https://au.gradconnection.com/employers/ghd/jobs/ghd-ghd-graduate-program-202425-ghd-digital-consulting/
GHD Graduate Program 2024/25 - GHD Digital Consulting,GHD,24/03/2024,Graduate,Adelaide and 5 others,https://au.gradconnection.com/employers/ghd/jobs/ghd-ghd-graduate-program-202425-ghd-digital-consulting-2/
GHD Graduate Program 2024/25 - GHD Digital Consulting,GHD,24/03/2024,Graduate,Adelaide and 5 others,https://au.gradconnection.com/employers/ghd/jobs/ghd-ghd-graduate-program-202425-ghd-digital-consulting-2/
GHD Graduate Program 2024/25 - Tasmania,GHD,24/03/2024,Graduate,Hobart and 1 other,https://au.gradconnection.com/employers/ghd/jobs/ghd-ghd-graduate-program-202425-tasmania/
GHD Graduate Program 2024/25 - Tasmania,GHD,24/03/2024,Graduate,Hobart and 1 other,https://au.gradconnection.com/employers/ghd/jobs/ghd-ghd-graduate-program-202425-tasmania/
GHD Graduate Program 2024/25 - Brisbane & South Queensland,GHD,24/03/2024,Graduate,Brisbane and 4 others,https://au.gradconnection.com/employers/ghd/jobs/ghd-ghd-graduate-program-202425-brisbane-south-queensland/
GHD Graduate Program 2024/25 - Brisbane & South Queensland,GHD,24/03/2024,Graduate,Brisbane and 4 others,https://au.gradconnection.com/employers/ghd/jobs/ghd-ghd-graduate-program-202425-brisbane-south-queensland/
Graduate Helpdesk Support,ACS Foundation,26/03/2024,Graduate,Melbourne,https://au.gradconnection.com/employers/acs-foundation/jobs/acs-foundation-graduate-helpdesk-support-3/
Graduate Helpdesk Support,ACS Foundation,26/03/2024,Graduate,Melbourne,https://au.gradconnection.com/employers/acs-foundation/jobs/acs-foundation-graduate-helpdesk-support-3/
Software Development Consultant Graduate Programme,FDM Group Singapore,28/03/2024,Graduate,Singapore,https://au.gradconnection.com/employers/fdm-group-sg/jobs/fdm-group-singapore-software-development-consultant-graduate-programme-15/
Software Development Consultant Graduate Programme,FDM Group Singapore,28/03/2024,Graduate,Singapore,https://au.gradconnection.com/employers/fdm-group-sg/jobs/fdm-group-singapore-software-development-consultant-graduate-programme-15/
Data Engineering Consultant Graduate Programme,FDM Group Singapore,28/03/2024,Graduate,Singapore,https://au.gradconnection.com/employers/fdm-group-sg/jobs/fdm-group-singapore-data-engineering-consultant-graduate-programme-15/
Data Engineering Consultant Graduate Programme,FDM Group Singapore,28/03/2024,Graduate,Singapore,https://au.gradconnection.com/employers/fdm-group-sg/jobs/fdm-group-singapore-data-engineering-consultant-graduate-programme-15/
Data Engineer Graduate (2025),Quantium,29/03/2024,Graduate,Sydney,https://au.gradconnection.com/employers/quantium/jobs/quantium-data-engineer-graduate-2025/
Data Engineer Graduate (2025),Quantium,29/03/2024,Graduate,Sydney,https://au.gradconnection.com/employers/quantium/jobs/quantium-data-engineer-graduate-2025/
Platform Engineer Graduate (2025),Quantium,29/03/2024,Graduate,Sydney,https://au.gradconnection.com/employers/quantium/jobs/quantium-platform-engineer-graduate-2025/
Platform Engineer Graduate (2025),Quantium,29/03/2024,Graduate,Sydney,https://au.gradconnection.com/employers/quantium/jobs/quantium-platform-engineer-graduate-2025/
Software Engineer Graduate (2025),Quantium,29/03/2024,Graduate,Sydney,https://au.gradconnection.com/employers/quantium/jobs/quantium-software-engineer-graduate-2025/
Software Engineer Graduate (2025),Quantium,29/03/2024,Graduate,Sydney,https://au.gradconnection.com/employers/quantium/jobs/quantium-software-engineer-graduate-2025/
2024 JDS Graduate Intake - Melbourne,JDS,29/03/2024,Graduate,Melbourne,https://au.gradconnection.com/employers/jds/jobs/jds-2024-jds-graduate-intake-melbourne/
2024 JDS Graduate Intake - Melbourne,JDS,29/03/2024,Graduate,Melbourne,https://au.gradconnection.com/employers/jds/jobs/jds-2024-jds-graduate-intake-melbourne/
NSW Government Graduate Program - EOI,NSW Government,29/03/2024,Graduate,Sydney,https://au.gradconnection.com/employers/nsw-government/jobs/nsw-government-nsw-government-graduate-program-eoi-5/
NSW Government Graduate Program - EOI,NSW Government,29/03/2024,Graduate,Sydney,https://au.gradconnection.com/employers/nsw-government/jobs/nsw-government-nsw-government-graduate-program-eoi-5/
JDS 2024 Graduate Intake - Brisbane!,JDS,29/03/2024,Graduate,Brisbane,https://au.gradconnection.com/employers/jds/jobs/jds-jds-2024-graduate-intake-brisbane/
JDS 2024 Graduate Intake - Brisbane!,JDS,29/03/2024,Graduate,Brisbane,https://au.gradconnection.com/employers/jds/jobs/jds-jds-2024-graduate-intake-brisbane/
PwC Kuwait – Assurance Graduates,PwC Middle East,29/03/2024,Graduate,Kuwait,https://au.gradconnection.com/employers/pwc-middle-east-sg/jobs/pwc-middle-east-pwc-kuwait-assurance-graduates-5/
PwC Kuwait – Assurance Graduates,PwC Middle East,29/03/2024,Graduate,Kuwait,https://au.gradconnection.com/employers/pwc-middle-east-sg/jobs/pwc-middle-east-pwc-kuwait-assurance-graduates-5/
PwC UAE – Tax Graduate - Watani Programme,PwC Middle East,29/03/2024,Graduate,Dubai,https://au.gradconnection.com/employers/pwc-middle-east-sg/jobs/pwc-middle-east-pwc-uae-tax-graduate-watani-programme-3/
PwC UAE – Tax Graduate - Watani Programme,PwC Middle East,29/03/2024,Graduate,Dubai,https://au.gradconnection.com/employers/pwc-middle-east-sg/jobs/pwc-middle-east-pwc-uae-tax-graduate-watani-programme-3/
PwC Saudi Arabia – Consulting Graduate,PwC Middle East,29/03/2024,Graduate,Riyadh,https://au.gradconnection.com/employers/pwc-middle-east-sg/jobs/pwc-middle-east-pwc-saudi-arabia-consulting-graduate-3/
PwC Saudi Arabia – Consulting Graduate,PwC Middle East,29/03/2024,Graduate,Riyadh,https://au.gradconnection.com/employers/pwc-middle-east-sg/jobs/pwc-middle-east-pwc-saudi-arabia-consulting-graduate-3/
PwC Egypt – Consulting Graduate,PwC Middle East,29/03/2024,Graduate,Cairo,https://au.gradconnection.com/employers/pwc-middle-east-sg/jobs/pwc-middle-east-pwc-egypt-consulting-graduate-3/
PwC Egypt – Consulting Graduate,PwC Middle East,29/03/2024,Graduate,Cairo,https://au.gradconnection.com/employers/pwc-middle-east-sg/jobs/pwc-middle-east-pwc-egypt-consulting-graduate-3/
PwC Jordan – Consulting Graduate,PwC Middle East,29/03/2024,Graduate,Amman,https://au.gradconnection.com/employers/pwc-middle-east-sg/jobs/pwc-middle-east-pwc-jordan-consulting-graduate-3/
PwC Jordan – Consulting Graduate,PwC Middle East,29/03/2024,Graduate,Amman,https://au.gradconnection.com/employers/pwc-middle-east-sg/jobs/pwc-middle-east-pwc-jordan-consulting-graduate-3/
PwC UAE – Consulting Graduate,PwC Middle East,29/03/2024,Graduate,Dubai,https://au.gradconnection.com/employers/pwc-middle-east-sg/jobs/pwc-middle-east-pwc-uae-consulting-graduate-3/
PwC UAE – Consulting Graduate,PwC Middle East,29/03/2024,Graduate,Dubai,https://au.gradconnection.com/employers/pwc-middle-east-sg/jobs/pwc-middle-east-pwc-uae-consulting-graduate-3/
PwC UAE – Deal Graduates,PwC Middle East,29/03/2024,Graduate,Dubai,https://au.gradconnection.com/employers/pwc-middle-east-sg/jobs/pwc-middle-east-pwc-uae-deal-graduates-6/
PwC UAE – Deal Graduates,PwC Middle East,29/03/2024,Graduate,Dubai,https://au.gradconnection.com/employers/pwc-middle-east-sg/jobs/pwc-middle-east-pwc-uae-deal-graduates-6/
PwC Egypt – Deal Graduates,PwC Middle East,29/03/2024,Graduate,Cairo,https://au.gradconnection.com/employers/pwc-middle-east-sg/jobs/pwc-middle-east-pwc-egypt-deal-graduates-4/
PwC Egypt – Deal Graduates,PwC Middle East,29/03/2024,Graduate,Cairo,https://au.gradconnection.com/employers/pwc-middle-east-sg/jobs/pwc-middle-east-pwc-egypt-deal-graduates-4/
PwC Jordan – Deal Graduates,PwC Middle East,29/03/2024,Graduate,Amman,https://au.gradconnection.com/employers/pwc-middle-east-sg/jobs/pwc-middle-east-pwc-jordan-deal-graduates-6/
PwC Jordan – Deal Graduates,PwC Middle East,29/03/2024,Graduate,Amman,https://au.gradconnection.com/employers/pwc-middle-east-sg/jobs/pwc-middle-east-pwc-jordan-deal-graduates-6/
PwC Lebanon – Deal Graduates,PwC Middle East,29/03/2024,Graduate,Beirut,https://au.gradconnection.com/employers/pwc-middle-east-sg/jobs/pwc-middle-east-pwc-lebanon-deal-graduates-5/
PwC Lebanon – Deal Graduates,PwC Middle East,29/03/2024,Graduate,Beirut,https://au.gradconnection.com/employers/pwc-middle-east-sg/jobs/pwc-middle-east-pwc-lebanon-deal-graduates-5/
PwC Saudi Arabia – Tax & Legal Services Graduates,PwC Middle East,29/03/2024,Graduate,Riyadh,https://au.gradconnection.com/employers/pwc-middle-east-sg/jobs/pwc-middle-east-pwc-saudi-arabia-tax-legal-services-graduates-5/
PwC Saudi Arabia – Tax & Legal Services Graduates,PwC Middle East,29/03/2024,Graduate,Riyadh,https://au.gradconnection.com/employers/pwc-middle-east-sg/jobs/pwc-middle-east-pwc-saudi-arabia-tax-legal-services-graduates-5/
PwC Egypt – Tax & Legal Services Graduates,PwC Middle East,29/03/2024,Graduate,Cairo,https://au.gradconnection.com/employers/pwc-middle-east-sg/jobs/pwc-middle-east-pwc-egypt-tax-legal-services-graduates-6/
PwC Egypt – Tax & Legal Services Graduates,PwC Middle East,29/03/2024,Graduate,Cairo,https://au.gradconnection.com/employers/pwc-middle-east-sg/jobs/pwc-middle-east-pwc-egypt-tax-legal-services-graduates-6/
PwC Lebanon – Tax & Legal Services Graduates,PwC Middle East,29/03/2024,Graduate,Beirut,https://au.gradconnection.com/employers/pwc-middle-east-sg/jobs/pwc-middle-east-pwc-lebanon-tax-legal-services-graduates-5/
PwC Lebanon – Tax & Legal Services Graduates,PwC Middle East,29/03/2024,Graduate,Beirut,https://au.gradconnection.com/employers/pwc-middle-east-sg/jobs/pwc-middle-east-pwc-lebanon-tax-legal-services-graduates-5/
PwC Bahrain – Assurance Graduates,PwC Middle East,29/03/2024,Graduate,Manama,https://au.gradconnection.com/employers/pwc-middle-east-sg/jobs/pwc-middle-east-pwc-bahrain-assurance-graduates-5/
PwC Bahrain – Assurance Graduates,PwC Middle East,29/03/2024,Graduate,Manama,https://au.gradconnection.com/employers/pwc-middle-east-sg/jobs/pwc-middle-east-pwc-bahrain-assurance-graduates-5/
PwC Egypt – Assurance Graduates,PwC Middle East,29/03/2024,Graduate,Cairo,https://au.gradconnection.com/employers/pwc-middle-east-sg/jobs/pwc-middle-east-pwc-egypt-assurance-graduates-6/
PwC Egypt – Assurance Graduates,PwC Middle East,29/03/2024,Graduate,Cairo,https://au.gradconnection.com/employers/pwc-middle-east-sg/jobs/pwc-middle-east-pwc-egypt-assurance-graduates-6/
PwC Jordan – Assurance Graduates,PwC Middle East,29/03/2024,Graduate,Amman,https://au.gradconnection.com/employers/pwc-middle-east-sg/jobs/pwc-middle-east-pwc-jordan-assurance-graduates-6/
PwC Jordan – Assurance Graduates,PwC Middle East,29/03/2024,Graduate,Amman,https://au.gradconnection.com/employers/pwc-middle-east-sg/jobs/pwc-middle-east-pwc-jordan-assurance-graduates-6/
PwC Lebanon – Assurance Graduates,PwC Middle East,29/03/2024,Graduate,Beirut,https://au.gradconnection.com/employers/pwc-middle-east-sg/jobs/pwc-middle-east-pwc-lebanon-assurance-graduates-5/
PwC Lebanon – Assurance Graduates,PwC Middle East,29/03/2024,Graduate,Beirut,https://au.gradconnection.com/employers/pwc-middle-east-sg/jobs/pwc-middle-east-pwc-lebanon-assurance-graduates-5/
PwC Oman – Assurance Graduates,PwC Middle East,29/03/2024,Graduate,Muscat,https://au.gradconnection.com/employers/pwc-middle-east-sg/jobs/pwc-middle-east-pwc-oman-assurance-graduates-5/
PwC Oman – Assurance Graduates,PwC Middle East,29/03/2024,Graduate,Muscat,https://au.gradconnection.com/employers/pwc-middle-east-sg/jobs/pwc-middle-east-pwc-oman-assurance-graduates-5/
PwC Qatar – Assurance Graduates,PwC Middle East,29/03/2024,Graduate,Qatar,https://au.gradconnection.com/employers/pwc-middle-east-sg/jobs/pwc-middle-east-pwc-qatar-assurance-graduates-5/
PwC Qatar – Assurance Graduates,PwC Middle East,29/03/2024,Graduate,Qatar,https://au.gradconnection.com/employers/pwc-middle-east-sg/jobs/pwc-middle-east-pwc-qatar-assurance-graduates-5/
PwC Saudi Arabia – Assurance Graduates,PwC Middle East,29/03/2024,Graduate,Riyadh,https://au.gradconnection.com/employers/pwc-middle-east-sg/jobs/pwc-middle-east-pwc-saudi-arabia-assurance-graduates-5/
PwC Saudi Arabia – Assurance Graduates,PwC Middle East,29/03/2024,Graduate,Riyadh,https://au.gradconnection.com/employers/pwc-middle-east-sg/jobs/pwc-middle-east-pwc-saudi-arabia-assurance-graduates-5/
PwC UAE – Assurance Graduates,PwC Middle East,29/03/2024,Graduate,Abu Dhabi,https://au.gradconnection.com/employers/pwc-middle-east-sg/jobs/pwc-middle-east-pwc-uae-assurance-graduates-8/
PwC UAE – Assurance Graduates,PwC Middle East,29/03/2024,Graduate,Abu Dhabi,https://au.gradconnection.com/employers/pwc-middle-east-sg/jobs/pwc-middle-east-pwc-uae-assurance-graduates-8/
PwC UAE – Assurance Graduates,PwC Middle East,29/03/2024,Graduate,Dubai,https://au.gradconnection.com/employers/pwc-middle-east-sg/jobs/pwc-middle-east-pwc-uae-assurance-graduates-9/
PwC UAE – Assurance Graduates,PwC Middle East,29/03/2024,Graduate,Dubai,https://au.gradconnection.com/employers/pwc-middle-east-sg/jobs/pwc-middle-east-pwc-uae-assurance-graduates-9/
Network Engineer (Data Center) - Catalyst WSP,Singtel Singapore,30/03/2024,Graduate,Singapore,https://au.gradconnection.com/employers/singtel-sg/jobs/singtel-singapore-network-engineer-data-center-catalyst-wsp-3/
Network Engineer (Data Center) - Catalyst WSP,Singtel Singapore,30/03/2024,Graduate,Singapore,https://au.gradconnection.com/employers/singtel-sg/jobs/singtel-singapore-network-engineer-data-center-catalyst-wsp-3/
Service Delivery Engineer - Catalyst WSP,Singtel Singapore,30/03/2024,Graduate,Singapore,https://au.gradconnection.com/employers/singtel-sg/jobs/singtel-singapore-service-delivery-engineer-catalyst-wsp-3/
Service Delivery Engineer - Catalyst WSP,Singtel Singapore,30/03/2024,Graduate,Singapore,https://au.gradconnection.com/employers/singtel-sg/jobs/singtel-singapore-service-delivery-engineer-catalyst-wsp-3/
Sydney Graduate Consultant Positions - Technology streams,Protiviti,31/03/2024,Graduate,Sydney,https://au.gradconnection.com/employers/protiviti/jobs/protiviti-sydney-graduate-consultant-positions-technology-streams-2/
Sydney Graduate Consultant Positions - Technology streams,Protiviti,31/03/2024,Graduate,Sydney,https://au.gradconnection.com/employers/protiviti/jobs/protiviti-sydney-graduate-consultant-positions-technology-streams-2/
Melbourne Graduate Consultant Positions - Technology streams,Protiviti,31/03/2024,Graduate,Melbourne,https://au.gradconnection.com/employers/protiviti/jobs/protiviti-melbourne-graduate-consultant-positions-technology-streams-2/
Melbourne Graduate Consultant Positions - Technology streams,Protiviti,31/03/2024,Graduate,Melbourne,https://au.gradconnection.com/employers/protiviti/jobs/protiviti-melbourne-graduate-consultant-positions-technology-streams-2/
Canberra Graduate Consultant Positions - Technology streams,Protiviti,31/03/2024,Graduate,Canberra,https://au.gradconnection.com/employers/protiviti/jobs/protiviti-canberra-graduate-consultant-positions-technology-streams-2/
Canberra Graduate Consultant Positions - Technology streams,Protiviti,31/03/2024,Graduate,Canberra,https://au.gradconnection.com/employers/protiviti/jobs/protiviti-canberra-graduate-consultant-positions-technology-streams-2/
Brisbane Graduate Consultant Positions - Technology streams,Protiviti,31/03/2024,Graduate,Brisbane,https://au.gradconnection.com/employers/protiviti/jobs/protiviti-brisbane-graduate-consultant-positions-technology-streams-2/
Brisbane Graduate Consultant Positions - Technology streams,Protiviti,31/03/2024,Graduate,Brisbane,https://au.gradconnection.com/employers/protiviti/jobs/protiviti-brisbane-graduate-consultant-positions-technology-streams-2/
Sydney Graduate Consultant Positions - Business Streams,Protiviti,31/03/2024,Graduate,Sydney,https://au.gradconnection.com/employers/protiviti/jobs/protiviti-sydney-graduate-consultant-positions-business-streams-2/
Sydney Graduate Consultant Positions - Business Streams,Protiviti,31/03/2024,Graduate,Sydney,https://au.gradconnection.com/employers/protiviti/jobs/protiviti-sydney-graduate-consultant-positions-business-streams-2/
Brisbane Graduate Consultant Positions - Business Streams,Protiviti,31/03/2024,Graduate,Brisbane,https://au.gradconnection.com/employers/protiviti/jobs/protiviti-brisbane-graduate-consultant-positions-business-streams-2/
Brisbane Graduate Consultant Positions - Business Streams,Protiviti,31/03/2024,Graduate,Brisbane,https://au.gradconnection.com/employers/protiviti/jobs/protiviti-brisbane-graduate-consultant-positions-business-streams-2/
Canberra Graduate Consultant Positions - Business Streams,Protiviti,31/03/2024,Graduate,Canberra,https://au.gradconnection.com/employers/protiviti/jobs/protiviti-canberra-graduate-consultant-positions-business-streams-2/
Canberra Graduate Consultant Positions - Business Streams,Protiviti,31/03/2024,Graduate,Canberra,https://au.gradconnection.com/employers/protiviti/jobs/protiviti-canberra-graduate-consultant-positions-business-streams-2/
Melbourne Graduate Consultant Positions - Business streams,Protiviti,31/03/2024,Graduate,Melbourne,https://au.gradconnection.com/employers/protiviti/jobs/protiviti-melbourne-graduate-consultant-positions-business-streams-2/
Melbourne Graduate Consultant Positions - Business streams,Protiviti,31/03/2024,Graduate,Melbourne,https://au.gradconnection.com/employers/protiviti/jobs/protiviti-melbourne-graduate-consultant-positions-business-streams-2/
Graduate Network Engineer - Perth CBD,Wood,31/03/2024,Graduate,Perth,https://au.gradconnection.com/employers/wood/jobs/wood-graduate-network-engineer-perth-cbd/
Graduate Network Engineer - Perth CBD,Wood,31/03/2024,Graduate,Perth,https://au.gradconnection.com/employers/wood/jobs/wood-graduate-network-engineer-perth-cbd/
Software Engineering Graduate Program,Rio Tinto,31/03/2024,Graduate,New Zealand and 4 others,https://au.gradconnection.com/employers/rio-tinto/jobs/rio-tinto-software-engineering-graduate-program/
Software Engineering Graduate Program,Rio Tinto,31/03/2024,Graduate,New Zealand and 4 others,https://au.gradconnection.com/employers/rio-tinto/jobs/rio-tinto-software-engineering-graduate-program/
Graduate Quant Trader Developer – Sept 2024 start (Computer Science),Tibra,31/03/2024,Graduate,Regional New South Wales and 1 other,https://au.gradconnection.com/employers/tibra/jobs/tibra-graduate-quant-trader-developer-sept-2024-start-computer-science-10/
Graduate Quant Trader Developer – Sept 2024 start (Computer Science),Tibra,31/03/2024,Graduate,Regional New South Wales and 1 other,https://au.gradconnection.com/employers/tibra/jobs/tibra-graduate-quant-trader-developer-sept-2024-start-computer-science-10/
Network Analyst - Catalyst WSP,Singtel Singapore,31/03/2024,Graduate,Singapore,https://au.gradconnection.com/employers/singtel-sg/jobs/singtel-singapore-network-analyst-catalyst-wsp-4/
Network Analyst - Catalyst WSP,Singtel Singapore,31/03/2024,Graduate,Singapore,https://au.gradconnection.com/employers/singtel-sg/jobs/singtel-singapore-network-analyst-catalyst-wsp-4/
Process Automation Specialist - Catalyst WSP,Singtel Singapore,31/03/2024,Graduate,Singapore,https://au.gradconnection.com/employers/singtel-sg/jobs/singtel-singapore-process-automation-specialist-catalyst-wsp-4/
Process Automation Specialist - Catalyst WSP,Singtel Singapore,31/03/2024,Graduate,Singapore,https://au.gradconnection.com/employers/singtel-sg/jobs/singtel-singapore-process-automation-specialist-catalyst-wsp-4/
OSS Planning Engineer - Catalyst WSP,Singtel Singapore,31/03/2024,Graduate,Singapore,https://au.gradconnection.com/employers/singtel-sg/jobs/singtel-singapore-oss-planning-engineer-catalyst-wsp-4/
OSS Planning Engineer - Catalyst WSP,Singtel Singapore,31/03/2024,Graduate,Singapore,https://au.gradconnection.com/employers/singtel-sg/jobs/singtel-singapore-oss-planning-engineer-catalyst-wsp-4/
Senior Associate Engineer (React JS Developer) - Catalyst WSP,Singtel Singapore,31/03/2024,Graduate,Singapore,https://au.gradconnection.com/employers/singtel-sg/jobs/singtel-singapore-senior-associate-engineer-react-js-developer-catalyst-wsp-4/
Senior Associate Engineer (React JS Developer) - Catalyst WSP,Singtel Singapore,31/03/2024,Graduate,Singapore,https://au.gradconnection.com/employers/singtel-sg/jobs/singtel-singapore-senior-associate-engineer-react-js-developer-catalyst-wsp-4/
Senior Associate Engineer (Java Developer) - Catalyst WSP,Singtel Singapore,31/03/2024,Graduate,Singapore,https://au.gradconnection.com/employers/singtel-sg/jobs/singtel-singapore-senior-associate-engineer-java-developer-catalyst-wsp-4/
Senior Associate Engineer (Java Developer) - Catalyst WSP,Singtel Singapore,31/03/2024,Graduate,Singapore,https://au.gradconnection.com/employers/singtel-sg/jobs/singtel-singapore-senior-associate-engineer-java-developer-catalyst-wsp-4/
Senior Associate Engineer (Chatbot Developer) - Catalyst WSP,Singtel Singapore,31/03/2024,Graduate,Singapore,https://au.gradconnection.com/employers/singtel-sg/jobs/singtel-singapore-senior-associate-engineer-chatbot-developer-catalyst-wsp-4/
Senior Associate Engineer (Chatbot Developer) - Catalyst WSP,Singtel Singapore,31/03/2024,Graduate,Singapore,https://au.gradconnection.com/employers/singtel-sg/jobs/singtel-singapore-senior-associate-engineer-chatbot-developer-catalyst-wsp-4/
Senior Associate Engineer (C# Developer) - Catalyst WSP,Singtel Singapore,31/03/2024,Graduate,Singapore,https://au.gradconnection.com/employers/singtel-sg/jobs/singtel-singapore-senior-associate-engineer-c-developer-catalyst-wsp-4/
Senior Associate Engineer (C# Developer) - Catalyst WSP,Singtel Singapore,31/03/2024,Graduate,Singapore,https://au.gradconnection.com/employers/singtel-sg/jobs/singtel-singapore-senior-associate-engineer-c-developer-catalyst-wsp-4/
Data Analyst - Catalyst WSP,Singtel Singapore,31/03/2024,Graduate,Singapore,https://au.gradconnection.com/employers/singtel-sg/jobs/singtel-singapore-data-analyst-catalyst-wsp-4/
Data Analyst - Catalyst WSP,Singtel Singapore,31/03/2024,Graduate,Singapore,https://au.gradconnection.com/employers/singtel-sg/jobs/singtel-singapore-data-analyst-catalyst-wsp-4/
IT Automation Engineer - Catalyst WSP,Singtel Singapore,31/03/2024,Graduate,Singapore,https://au.gradconnection.com/employers/singtel-sg/jobs/singtel-singapore-it-automation-engineer-catalyst-wsp-4/
IT Automation Engineer - Catalyst WSP,Singtel Singapore,31/03/2024,Graduate,Singapore,https://au.gradconnection.com/employers/singtel-sg/jobs/singtel-singapore-it-automation-engineer-catalyst-wsp-4/
RPA Developer - Catalyst WSP,Singtel Singapore,31/03/2024,Graduate,Singapore,https://au.gradconnection.com/employers/singtel-sg/jobs/singtel-singapore-rpa-developer-catalyst-wsp-4/
RPA Developer - Catalyst WSP,Singtel Singapore,31/03/2024,Graduate,Singapore,https://au.gradconnection.com/employers/singtel-sg/jobs/singtel-singapore-rpa-developer-catalyst-wsp-4/
Data Engineer- Catalyst WSP,Singtel Singapore,31/03/2024,Graduate,Singapore,https://au.gradconnection.com/employers/singtel-sg/jobs/singtel-singapore-data-engineer-catalyst-wsp-4/
Data Engineer- Catalyst WSP,Singtel Singapore,31/03/2024,Graduate,Singapore,https://au.gradconnection.com/employers/singtel-sg/jobs/singtel-singapore-data-engineer-catalyst-wsp-4/
IT PMO Specialist - Catalyst WSP,Singtel Singapore,31/03/2024,Graduate,Singapore,https://au.gradconnection.com/employers/singtel-sg/jobs/singtel-singapore-it-pmo-specialist-catalyst-wsp-4/
IT PMO Specialist - Catalyst WSP,Singtel Singapore,31/03/2024,Graduate,Singapore,https://au.gradconnection.com/employers/singtel-sg/jobs/singtel-singapore-it-pmo-specialist-catalyst-wsp-4/
Solution Designer - Catalyst WSP,Singtel Singapore,31/03/2024,Graduate,Singapore,https://au.gradconnection.com/employers/singtel-sg/jobs/singtel-singapore-solution-designer-catalyst-wsp-4/
Solution Designer - Catalyst WSP,Singtel Singapore,31/03/2024,Graduate,Singapore,https://au.gradconnection.com/employers/singtel-sg/jobs/singtel-singapore-solution-designer-catalyst-wsp-4/
WSP - Associate Engineer - Catalyst WSP,Singtel Singapore,31/03/2024,Graduate,Singapore,https://au.gradconnection.com/employers/singtel-sg/jobs/singtel-singapore-wsp-associate-engineer-catalyst-wsp-4/
WSP - Associate Engineer - Catalyst WSP,Singtel Singapore,31/03/2024,Graduate,Singapore,https://au.gradconnection.com/employers/singtel-sg/jobs/singtel-singapore-wsp-associate-engineer-catalyst-wsp-4/
Associate Solutions Engineer - Catalyst WSP,Singtel Singapore,31/03/2024,Graduate,Singapore,https://au.gradconnection.com/employers/singtel-sg/jobs/singtel-singapore-associate-solutions-engineer-catalyst-wsp-4/
Associate Solutions Engineer - Catalyst WSP,Singtel Singapore,31/03/2024,Graduate,Singapore,https://au.gradconnection.com/employers/singtel-sg/jobs/singtel-singapore-associate-solutions-engineer-catalyst-wsp-4/
WSP - 5G Product Associate - Catalyst WSP,Singtel Singapore,31/03/2024,Graduate,Singapore,https://au.gradconnection.com/employers/singtel-sg/jobs/singtel-singapore-wsp-5g-product-associate-catalyst-wsp-4/
WSP - 5G Product Associate - Catalyst WSP,Singtel Singapore,31/03/2024,Graduate,Singapore,https://au.gradconnection.com/employers/singtel-sg/jobs/singtel-singapore-wsp-5g-product-associate-catalyst-wsp-4/
Associate Test Automation Engineer - Catalyst WSP,Singtel Singapore,31/03/2024,Graduate,Singapore,https://au.gradconnection.com/employers/singtel-sg/jobs/singtel-singapore-associate-test-automation-engineer-catalyst-wsp-4/
Associate Test Automation Engineer - Catalyst WSP,Singtel Singapore,31/03/2024,Graduate,Singapore,https://au.gradconnection.com/employers/singtel-sg/jobs/singtel-singapore-associate-test-automation-engineer-catalyst-wsp-4/
"Associate, IoT Product Specialist - Catalyst WSP",Singtel Singapore,31/03/2024,Graduate,Singapore,https://au.gradconnection.com/employers/singtel-sg/jobs/singtel-singapore-associate-iot-product-specialist-catalyst-wsp-4/
"Associate, IoT Product Specialist - Catalyst WSP",Singtel Singapore,31/03/2024,Graduate,Singapore,https://au.gradconnection.com/employers/singtel-sg/jobs/singtel-singapore-associate-iot-product-specialist-catalyst-wsp-4/
5G Product Ops Executive - Catalyst WSP,Singtel Singapore,31/03/2024,Graduate,Singapore,https://au.gradconnection.com/employers/singtel-sg/jobs/singtel-singapore-5g-product-ops-executive-catalyst-wsp-4/
5G Product Ops Executive - Catalyst WSP,Singtel Singapore,31/03/2024,Graduate,Singapore,https://au.gradconnection.com/employers/singtel-sg/jobs/singtel-singapore-5g-product-ops-executive-catalyst-wsp-4/
Satellite Associate Engineer (Satellite Platform & Systems) - Catalyst WSP,Singtel Singapore,31/03/2024,Graduate,Singapore,https://au.gradconnection.com/employers/singtel-sg/jobs/singtel-singapore-satellite-associate-engineer-satellite-platform-systems-catalyst-wsp-4/
Satellite Associate Engineer (Satellite Platform & Systems) - Catalyst WSP,Singtel Singapore,31/03/2024,Graduate,Singapore,https://au.gradconnection.com/employers/singtel-sg/jobs/singtel-singapore-satellite-associate-engineer-satellite-platform-systems-catalyst-wsp-4/
