role,company,location,salary,START DATE,APPLICATIONS OPEN,APPLICATIONS CLOSE,NUMBER OF VACANCIES,SALARY
Graduate Quantitative Trader (Feb 2025),Optiver,Sydney,250000,21 Feb 2025,5 Feb 2024,24 May 2024,10-15,"AUD 250,000 / Year
+ Bonus"
Digital and Design Graduate Program (2025),NAB Australia,Melbourne  Sydney,80000,17 Feb 2025,26 Feb 2024,2 Apr 2024,1-2,"AUD 80,000 / Year"
Graduate Financial Planner,Future Insure Graduate Program,Sydney  Brisbane  Melbourne,55000 - 65000,ASAP,8 Oct 2023,18 Dec 2024,20-50,"AUD 55,000 - 65,000 / Year"
Finance Graduate,Future Insure Graduate Program,Melbourne  Sydney  Brisbane  Perth,55000 - 65000,ASAP,8 Oct 2023,18 Dec 2024,20-50,"AUD 55,000 - 65,000 / Year"
Insurance Graduate,Future Insure Graduate Program,Sydney  Brisbane  Melbourne and Perth,55000 - 65000,ASAP,8 Oct 2023,18 Dec 2024,20-50,"AUD 55,000 - 65,000 / Year"
Graduate Mortgage Broker,Future Insure Graduate Program,Melbourne  Sydney  Brisbane,55000 - 65000,ASAP,10 Oct 2023,18 Dec 2024,20-50,"AUD 55,000 - 65,000 / Year"
Graduate Insurance Underwriter,Future Insure Graduate Program,Melbourne  Sydney  Brisbane,55000 - 65000,ASAP,10 Oct 2023,18 Dec 2024,15-30,"AUD 55,000 - 65,000 / Year"
Policy Officer Graduate Program,Policy Futures Graduate Program (Queensland Government),Brisbane,73997 - 82108,17 Feb 2025,25 Mar 2024,22 Apr 2024,35-50,"AUD 73,997 - 82,108 / Year
Competitive pay, 12.75% superannuation + annual salary increase"
Policy Officer Graduate Program (First Nations),Policy Futures Graduate Program (Queensland Government),Brisbane,73997 - 82108,17 Feb 2025,25 Mar 2024,22 Apr 2024,2-10,"AUD 73,997 - 82,108 / Year
Competitive pay, 12.75% superannuation + annual salary increase"
2025 Graduate Program,BHP,Queensland  South Australia and Western Australia,86200 - 101000,1 Feb 2025 - 28 Feb 2025,4 Mar 2024,8 Apr 2024,90-120,"AUD 86,200 - 101,000 / Year
Annual bonus included plus additional allowances for FIFO / Residential roles."
Indigenous Graduate Program,BHP,Queensland  South Australia and Western Australia,86200 - 101000,1 Feb 2025 - 28 Feb 2025,4 Mar 2024,8 Apr 2024,10-50,"AUD 86,200 - 101,000 / Year
Attractive salary package, performance-based bonus, employee share program, recognition, relocation*"
Technology Graduate Program,BHP,Queensland  South Australia and Western Australia,101000,1 Feb 2025 - 28 Feb 2025,4 Mar 2024,8 Apr 2024,5-20,"AUD 101,000 / Year
Plus, superannuation, annual bonus, large graduate network!"
Cyber Security Graduate,Rheinmetall,This role will be based at our Military Vehicle Centre of Excellence (MILVEHCOE) facility in Redbank or our Ann St office in Fortitude Valley with opportunities to work flexibly from home.,70000 - 75000,20 Jan 2025,1 Mar 2024,31 May 2024,1-5,"AUD 70,000 - 75,000 / Year
We pay superannuation on top of your base salary, and we work a 9 day fortnight!"
2025 Graduate Program,Department of the Prime Minister and Cabinet (PM&C),Canberra  ACT,74264 - 88887,Ongoing,4 Mar 2024,7 Apr 2024,25-35,"AUD 74,264 - 88,887 / Year
15.4% superannuation and potential advancement after 6 months to the APS4 salary"
2025 Data & STEM Graduate Program,Department of the Prime Minister and Cabinet (PM&C),Canberra,74264 - 88887,Ongoing,4 Mar 2024,7 Apr 2024,25-35,"AUD 74,264 - 88,887 / Year
15.4% superannuation and potential advancement after 6 months to the APS4 salary"
Intelligence Pathway Graduate Program,Department of Defence,Brisbane  Canberra  Melbourne  Bendigo  and Perth,73343,12 Feb 2025 - 19 Feb 2026,26 Feb 2024,10 Apr 2024,139-200,"AUD 73,343 / Year
+ 15.4% superannuation (promotion and salary advancement upon successful completion of the program)"
Digital Graduate Program,Queensland Government Digital Graduate Program,Brisbane  QLD,68414 - 75915,1 Mar 2025,1 Jun 2024,31 Jul 2024,38-80,"AUD 68,414 - 75,915 / Year
Entry level Grad salary - AO3"
Finance Graduate Program (2025),NAB Australia,Melbourne,80000,17 Feb 2025,26 Feb 2024,2 Apr 2024,1-2,"AUD 80,000 / Year"
Graduate Program - Cyber Security,DXC Technology,Australia wide,70000,Ongoing,12 Feb 2024,8 Apr 2024,10-50,"AUD 70,000 / Year"
Cyber Consulting Graduate Program,Capgemini Australia and New Zealand,Australia,66000,Ongoing,14 Aug 2023,30 Apr 2024,1-50,"AUD 66,000 / Year
Home office set up fund, Data and Phone compensation, premium L&D, Flex work a reality"
Graduate Program,John Deere,Crestmead  QLD,79390 - 84000,30 Jan 2025 - 28 Feb 2025,1 Jun 2024,2 Jul 2024,3-4,"AUD 79,390 - 84,000 / Year
+Super"
Graduate Program,John Deere,Crestmead  QLD,79390 - 84000,30 Jan 2025 - 28 Feb 2025,1 Jun 2024,2 Jul 2024,3-4,"AUD 79,390 - 84,000 / Year
+Super"
Engineering Graduate Program (2025),KPMG Australia,Adelaide  Brisbane  Canberra  Darwin  Geelong  Gold Coast  Hobart  Melbourne  Newcastle  Parramatta  Perth  Sydney  Townsville  Wollongong,60000 - 82000,10 Feb 2025,11 Mar 2024,30 Oct 2024,1-700,"AUD 60,000 - 82,000 / Year"
Graduate Program - Cyber Security,DXC Technology,Australia wide,70000,Ongoing,12 Feb 2024,8 Apr 2024,10-50,"AUD 70,000 / Year"
Graduate Program,Safe Work Australia,There is flexible Working From Home arrangements available.,70257,Ongoing,28 Mar 2024,8 May 2024,8-15,"AUD 70,257 / Year
Provides a laptop for flexibility. Also Wellbeing Allowance to assist with your mental and/or physical fitness."
Technology Graduate Program,Austal Australia,Perth,64000,1 Jul 2024 - 6 Jan 2025,1 Feb 2024,31 Mar 2024,2,"AUD 64,000 / Year
Permanent Position, 9DFN, Salary Sacrificing, EAP, Yearly Salary Increases, Insurance Discounts etc"
Technologist Graduate Program (2026),Australian Security Intelligence Organisation (ASIO),Canberra,86602 - 95213,1 Jan 2026 - 30 Jun 2026,27 Feb 2024,6 May 2024,1,"AUD 86,602 - 95,213 / Year"
Graduate Program,Boeing Australia,Various locations across Australia,80000 - 90000,Ongoing,1 May 2024,1 May 2024,1-100,"AUD 80,000 - 90,000 / Year
+ Benefits and Annual Bonus"
Graduate Opportunities,Harvey Norman,Australia Wide,60000 - 80000,1 Feb 2025 - 28 Feb 2025,19 Sep 2024,15 Oct 2025,1-10,"AUD 60,000 - 80,000 / Year
Guaranteed base + uncapped commissions + super"
Generalist Graduate,RACV,Melbourne,70000 - 75000,29 Jan 2025,15 May 2024,16 Jun 2024,1-4,"AUD 70,000 - 75,000 / Year"
Research and Innovation Pathway Graduate Program,Department of Defence,Adelaide  Canberra  Melbourne  Perth and Sydney.,73343,12 Feb 2025 - 19 Feb 2026,26 Feb 2024,10 Apr 2024,70-100,"AUD 73,343 / Year
+ 15.4% superannuation (promotion and salary advancement upon successful completion of the program)"
2025 Risk Graduate Program,IAG,Sydney  Melbourne  Brisbane,62000 - 78000,3 Feb 2025,29 Feb 2024,27 Mar 2024,1-2,"AUD 62,000 - 78,000 / Year
Competitive salary, 10% bonus and 13% super"
Graduate Program,Thiess,Hunter Valley  NSW  Brisbane  Central Qld  (Thiess provide relocation assistance),75000 - 110000,1 Feb 2025,28 Feb 2024,7 Apr 2024,25-32,"AUD 75,000 - 110,000 / Year
Salary increases annually"
Indigenous Graduate Pathway,Australian Government Career Pathways,Canberra  Sydney  Melbourne  Brisbane,65000 - 80000,1 Jan 2025 - 1 Mar 2025,4 Mar 2024,15 Apr 2024,40-80,"AUD 65,000 - 80,000 / Year
plus 15.4% superannuation (specific employment conditions depend on the employing agency)"
Risk Graduate Program (2025),KPMG Australia,Adelaide  Brisbane  Canberra  Darwin  Geelong  Gold Coast  Hobart  Melbourne  Newcastle  Parramatta  Perth  Sydney  Townsville  Wollongong,60000 - 82000,10 Feb 2025,11 Mar 2024,30 Oct 2025,1-700,"AUD 60,000 - 82,000 / Year"
Graduate Program,TAL Australia,Sydney,77000 - 90000,5 Feb 2025,8 May 2024,19 Jun 2024,1-25,"AUD 77,000 - 90,000 / Year
Circa annual salary + 10% + in Bonus"
Digital Stream Graduate Program,Australian Government Career Pathways,ACT  NSW  Newcastle NSW  NT  SA  TAS  QLD  Townsville QLD  WA and VIC,65000 - 80000,1 Feb 2025 - 31 Mar 2025,4 Mar 2024,15 Apr 2024,100-120,"AUD 65,000 - 80,000 / Year
plus 15.4% superannuation (specific employment conditions depend on the employing agency)"
Graduate Program,Digital Transformation Agency,Canberra,66853 - 72227,16 Feb 2025,4 Mar 2024,7 Apr 2024,10-20,"AUD 66,853 - 72,227 / Year
Salary of $74,932 on completion of the program and 15.4% super on top of salary."
2025 Bankwest Technology Graduate Program,Commonwealth Bank,Perth,77100 - 79100,17 Feb 2025,19 Feb 2024,22 Mar 2024,1-15,"AUD 77,100 - 79,100 / Year"
Information Security Pathways - Graduate Program,DXC Technology,Australia wide,70000,Ongoing,12 Feb 2024,8 Apr 2024,10-15,"AUD 70,000 / Year"
Graduate Program,Digital Transformation Agency,Canberra,66853 - 72227,16 Feb 2025,4 Mar 2024,7 Apr 2024,10-20,"AUD 66,853 - 72,227 / Year
Salary of $74,932 on completion of the program and 15.4% super on top of salary."
2025 Data Science and Analytics Graduate Program,Commonwealth Bank,Sydney  Melbourne  Perth  Adelaide & Brisbane,78000 - 80000,17 Feb 2025,19 Feb 2024,22 Mar 2024,1-30,"AUD 78,000 - 80,000 / Year"
Data Graduate Program,Department of Health and Aged Care,Canberra,78954,3 Feb 2025,4 Mar 2024,14 Apr 2024,5-10,"AUD 78,954 / Year
Plus 15.4% superannuation."
Graduate Program,ANZ,Sydney  Melbourne  Perth  Adelaide  Brisbane,73000 - 75000,17 Feb 2025,18 Mar 2024,22 Apr 2024,1,"AUD 73,000 - 75,000 / Year"
Information Security Pathways - Graduate Program,DXC Technology,Australia wide,70000,Ongoing,12 Feb 2024,8 Apr 2024,10-15,"AUD 70,000 / Year"
GRADStart Graduate Program,Queensland Treasury,Brisbane,71151 - 78951,10 Feb 2025,11 Mar 2024,1 Apr 2024,12,"AUD 71,151 - 78,951 / Year"
Technology and Digital Graduate Program (2025),KPMG Australia,Adelaide  Brisbane  Canberra  Darwin  Geelong  Gold Coast  Hobart  Melbourne  Newcastle  Parramatta  Perth  Sydney  Townsville  Wollongong,60000 - 82000,10 Feb 2025,11 Mar 2024,30 Oct 2024,1-700,"AUD 60,000 - 82,000 / Year"
Graduate Development Program,Department of Infrastructure  Transport  Regional Development  Communications and the Arts,Canberra,64622 - 79935,29 Jan 2025,13 Mar 2024,26 Apr 2024,30-50,"AUD 64,622 - 79,935 / Year"
Technologist Graduate Program (2025),Australian Security Intelligence Organisation (ASIO),Canberra,86602 - 95213,1 Jul 2025 - 31 Jul 2025,26 Feb 2024,8 Apr 2024,1,"AUD 86,602 - 95,213 / Year"
Graduate Program,Asahi Beverages,Melbourne  Victoria,70000 - 90000,27 Jan 2025 - 10 Feb 2025,15 Jul 2024,11 Aug 2024,1-10,"AUD 70,000 - 90,000 / Year"
Engineering Graduate Program,Publicis Sapient,ACT  NSW & VIC,60000 - 70000,10 Mar 2025 - 6 Oct 2025,4 Aug 2024,31 Dec 2024,1-15,"AUD 60,000 - 70,000 / Year"
Policy and Corporate Pathway Graduate Program,Department of Defence,Canberra,73343,12 Feb 2025 - 16 Feb 2026,26 Feb 2024,10 Apr 2024,59-130,"AUD 73,343 / Year
+ 15.4% superannuation (promotion and salary advancement upon successful completion of the program)"
Economics Stream Graduate Program,Department of Employment and Workplace Relations (DEWR),Canberra,67828 - 70648,30 Jan 2025 - 24 Feb 2025,6 Mar 2024,17 Apr 2024,5-10,"AUD 67,828 - 70,648 / Year
Career progression from APS Level 3.1 to APS Level 5.1 on successful completion of the program"
Data Stream Graduate Program,Department of Employment and Workplace Relations (DEWR),Brisbane  Canberra & Sydney,69863 - 83908,22 Jan 2025 - 26 Feb 2025,6 Mar 2024,17 Apr 2024,5-12,"AUD 69,863 - 83,908 / Year"
Policy and Program Stream Graduate Program (Feb 2025),National Indigenous Australians Agency (NIAA),Brisbane  Canberra  Darwin & Perth,77558,5 Feb 2025 - 19 Feb 2025,4 Mar 2024,15 Apr 2024,20-30,"AUD 77,558 / Year
+ 15.4% Superannuation on top of salary."
Indigenous Graduate Program,Schneider Electric Australia & New Zealand,Sydney  Melbourne  Brisbane  Adelaide  Perth  Benalla,70000 - 85000,1 Feb 2025,3 Jul 2024,13 Aug 2024,1-35,"AUD 70,000 - 85,000 / Year"
2025 Graduate Program,Department of Health and Aged Care,Canberra,78954 - 83424,3 Feb 2025,4 Mar 2024,14 Apr 2024,50-100,"AUD 78,954 - 83,424 / Year
Plus 15.4% superannuation"
Data Graduate Program,Essential Energy,Sydney,74000 - 86000,Ongoing,26 Feb 2024,27 Mar 2024,1,"AUD 74,000 - 86,000 / Year
Plus 16% Superannuation"
2025 International Relations  Cyber & National Security Graduate Program,Department of the Prime Minister and Cabinet (PM&C),Canberra,74264 - 88887,Ongoing,4 Mar 2024,7 Apr 2024,25-35,"AUD 74,264 - 88,887 / Year
15.4% superannuation and potential advancement after 6 months to the APS4 salary"
Information Technology Graduate Program,Queensland Rail,Brisbane,60000 - 70000,4 Jan 2025,7 Jul 2024,19 Sep 2024,1-2,"AUD 60,000 - 70,000 / Year
17.5% superannuation, free rail travel, flexible working arrangements available and membership to our Young Professionals organisation"
Graduate Software Engineer,Honeywell Australia and New Zealand,North Ryde  NSW,90000,1 Feb 2025 - 28 Feb 2025,1 Mar 2024,15 Apr 2024,1,"AUD 90,000 / Year"
STEM Graduate Program,Australian Communications and Media Authority,Melbourne  Sydney  Canberra,70707 - 78785,5 Feb 2025,6 Mar 2024,26 Apr 2024,7-10,"AUD 70,707 - 78,785 / Year"
2025 International Relations  Cyber & National Security Graduate Program,Department of the Prime Minister and Cabinet (PM&C),Canberra,74264 - 88887,Ongoing,4 Mar 2024,7 Apr 2024,25-35,"AUD 74,264 - 88,887 / Year
15.4% superannuation and potential advancement after 6 months to the APS4 salary"
Graduate Trader,Eclipse Trading,Sydney,130000,3 Feb 2025,9 Feb 2024,31 May 2024,1-2,"AUD 130,000 / Year
Attractive first year salary package and discretionary bonus"
Risk Graduate Program (2025),NAB Australia,Sydney  Melbourne,80000,17 Feb 2025,26 Feb 2024,2 Apr 2024,1-2,"AUD 80,000 / Year"
Treasury Graduate Development Program,Department of the Treasury,Parkes  Sydney  Melbourne,70457,Ongoing,29 Jan 2024,15 Apr 2024,40-50,"AUD 70,457 / Year
Annual Lifestyle Contribution ($600)"
2025 Graduate Program,Kraft Heinz Company,Melbourne,65000 - 80000,19 Jan 2025,6 Mar 2024,18 Apr 2024,8-12,"AUD 65,000 - 80,000 / Year
10% Performance Based Bonus on top of Base Salary"
Corporate and Enabling Stream Graduate Program (Feb 2025),National Indigenous Australians Agency (NIAA),Brisbane  Canberra  Darwin & Perth,77558,5 Feb 2025 - 19 Feb 2025,4 Mar 2024,15 Apr 2024,20-30,"AUD 77,558 / Year
15.4% superannuation on top of salary."
Graduate Program - Indigenous,Department of Health and Aged Care,Canberra,78954 - 83424,3 Feb 2025,4 Mar 2024,14 Apr 2024,50-100,"AUD 78,954 - 83,424 / Year
Plus 15.4% superannuation"
Graduate Program,Fujitsu,Australia,55000 - 65000,1 Feb 2025,6 Apr 2024,8 May 2024,1-30,"AUD 55,000 - 65,000 / Year
plus rewarding employee benefits"
Strategy Graduate Program,Publicis Sapient,ACT  NSW & VIC,60000 - 70000,10 Mar 2025 - 6 Oct 2025,4 Aug 2024,6 Mar 2025,1-8,"AUD 60,000 - 70,000 / Year"
Generalist Stream Graduate Program,Department of Employment and Workplace Relations (DEWR),Canberra,67828 - 70648,30 Jan 2025 - 24 Feb 2025,6 Mar 2024,17 Apr 2024,30-55,"AUD 67,828 - 70,648 / Year
Career progression from APS Level 3.1 to APS Level 5.1 on successful completion of the program"
Graduate Program,Jacobs Australia,Canberra  Sydney  Brisbane  Melbourne  Adelaide  Perth,76500,3 Feb 2025,15 Mar 2024,14 Apr 2024,60-65,"AUD 76,500 / Year
Starting from $76.5k + Super. Structured advancement & salary increases over first 2 years."
People  Process & Analysis Consulting Graduate Program,Capgemini Australia and New Zealand,Australia,66000,Ongoing,14 Aug 2023,30 Apr 2024,1-50,"AUD 66,000 / Year
Home office set up fund, Data and Phone compensation, premium L&D, Flex work a reality"
Graduate Program,Department of Education,Canberra,72658,6 Feb 2025 - 13 Feb 2025,4 Mar 2024,5 Apr 2024,35-45,"AUD 72,658 / Year"
Sales Graduate Program,Odoo,Gold Coast,55000 - 70000,Ongoing,21 Apr 2024,20 May 2024,2-5,"AUD 55,000 - 70,000 / Year
You will be earning a fixed salary along with commission based on sales performance"
Graduate Engineer,Honeywell Australia and New Zealand,Sydney  Brisbane  Gladstone  Hobart  Perth & Melbourne,85000,1 Feb 2025 - 28 Feb 2025,1 Mar 2024,15 Apr 2024,3-6,"AUD 85,000 / Year"
Operations and Delivery Stream Graduate Program (Feb 2025),National Indigenous Australians Agency (NIAA),Brisbane  Canberra  Darwin & Perth,77558,5 Feb 2025 - 19 Feb 2025,4 Mar 2024,15 Apr 2024,20-30,"AUD 77,558 / Year
+ 15.4% Superannuation on top of salary."
Corporate Graduate Program,Nutrien Ag Solutions,Melbourne  VIC based,70000 - 78750,5 Feb 2025,13 May 2024,14 Jun 2024,1-5,"AUD 70,000 - 78,750 / Year"
STEM Stream Graduate Program,Australian Government Career Pathways,Canberra  Sydney  Melbourne  Perth  Brisbane  Darwin and Adelaide,65000 - 80000,1 Jan 2025 - 31 Mar 2025,4 Mar 2024,15 Apr 2024,70-80,"AUD 65,000 - 80,000 / Year
plus 15.4% superannuation (specific employment conditions depend on the employing agency)"
Digital Graduate Development Programme,Arup,Multiple Locations in Australia,74000 - 83000,1 Aug 2024 - 1 Feb 2025,19 Feb 2024,25 Mar 2024,1-5,"AUD 74,000 - 83,000 / Year
Graduates will be eligible to participate in Arup’s Global Profit Share Scheme."
Generalist Stream Graduate Program,Australian Government Career Pathways,Canberra  Sydney  Melbourne  Perth  Brisbane  Darwin  Hobart and Adelaide,65000 - 80000,1 Jan 2025 - 31 Mar 2025,4 Mar 2024,15 Apr 2024,200-220,"AUD 65,000 - 80,000 / Year
plus 15.4% superannuation (specific employment conditions depend on the employing agency)"
Information Technology Graduate Program,Reserve Bank of Australia,Sydney,86000 - 89000,8 Feb 2025,1 Feb 2024,7 Feb 2025,1-2,"AUD 86,000 - 89,000 / Year"
Graduate Digital Technology Platforms,South32,Perth  WA,79000,2 Feb 2025 - 28 Feb 2025,1 Mar 2024,30 Apr 2024,1,"AUD 79,000 / Year"
Brand & Marketing Graduate,RACV,Melbourne,70000 - 75000,29 Jan 2025,15 May 2024,16 Jun 2024,1-2,"AUD 70,000 - 75,000 / Year"
2024 Technology Graduate Program,Cognizant Australia,Sydney  Melbourne & Adelaide,63000 - 65000,20 May 2024 - 22 Jul 2024,1 Mar 2024,22 Mar 2024,5-10,"AUD 63,000 - 65,000 / Year"
Graduate Program,Department of Education,Canberra,72658,6 Feb 2025 - 13 Feb 2025,4 Mar 2024,5 Apr 2024,35-45,"AUD 72,658 / Year"
ICT Graduate Program (2025),Australian Bureau of Statistics (ABS),Canberra  Adelaide  Brisbane  Hobart  Melbourne  Perth & Sydney.,70166 - 78923,3 Feb 2025 - 28 Feb 2025,4 Mar 2024,3 Apr 2024,10-50,"AUD 70,166 - 78,923 / Year
Plus additional 15.4% superannuation"
2024 Graduate Program,FDM Group,Sydney  Melbourne  Brisbane  Canberra  Perth,67500 - 70500,Ongoing,10 Sep 2023,29 Jun 2024,12-24,"AUD 67,500 - 70,500 / Year
Salary package + 3 months of training + share options + relocation package where appropriate"
Graduate Sales Engineer,Ciena,Macquarie Park  NSW,85000 - 86000,1 Sep 2024 - 30 Nov 2024,10 Jul 2024,31 Aug 2024,1-2,"AUD 85,000 - 86,000 / Year
Sales Commission Plan"
Finance Graduate Program,Australian Taxation Office (ATO),Adelaide  Albury  Brisbane  Canberra  Gosford  Hobart  Melbourne  Newcastle  Sydney  Perth  Townsville  Wollongong,70280,1 Feb 2025,4 Mar 2024,11 Apr 2024,5-10,"AUD 70,280 / Year"
Technology Graduate Program,Linfox ANZ,Melbourne,63000 - 70000,30 Jan 2025 - 6 Feb 2025,14 Mar 2024,24 Apr 2024,2-3,"AUD 63,000 - 70,000 / Year"
Graduate Program,Escient,N/A,65000 - 75000,24 Feb 2025,22 Jul 2024,18 Aug 2024,8-12,"AUD 65,000 - 75,000 / Year
Technology Allowance, Professional Membership allowance, Learning & Development Allowance"
Nuclear Graduate Program (2025),Australian Submarine Agency,ACT  SA  VIC,76277,3 Feb 2025 - 28 Feb 2025,9 Mar 2024,15 Apr 2024,1-18,"AUD 76,277 / Year
plus 15.4% Super, relocation assistance and travel allowances."
Digital & Analytics Graduate Program,Sydney Water,Sydney,75000,5 Feb 2025,2 Apr 2024,30 Apr 2024,5,"AUD 75,000 / Year"
Product Management Graduate Program,Publicis Sapient,ACT  NSW & VIC,60000 - 70000,10 Mar 2025 - 6 Oct 2025,9 Aug 2024,30 Sep 2024,1-8,"AUD 60,000 - 70,000 / Year"
Law Graduate Development Program,Department of Climate Change  Energy  the Environment and Water (DCCEEW),Canberra  Sydney  Brisbane  Melbourne  Darwin  Adelaide  Perth and Hobart,71444 - 86188,1 Feb 2025 - 28 Feb 2025,4 Mar 2024,15 Apr 2024,60-80,"AUD 71,444 - 86,188 / Year
per annum plus 15.4% superannuation contributions."
Business Bank Graduate Program (2025),NAB Australia,Sydney  Melbourne  Brisbane  Adelaide  Perth,80000,17 Feb 2025,26 Feb 2024,2 Apr 2024,1-2,"AUD 80,000 / Year"
Business and Consulting Graduate Program (2025),KPMG Australia,Adelaide  Brisbane  Canberra  Darwin  Geelong  Gold Coast  Hobart  Melbourne  Newcastle  Parramatta  Perth  Sydney  Townsville  Wollongong,60000 - 82000,10 Feb 2025,11 Mar 2024,30 Oct 2024,1-700,"AUD 60,000 - 82,000 / Year"
Product Management Graduate Program,Publicis Sapient,ACT  NSW & VIC,60000 - 70000,10 Mar 2025 - 6 Oct 2025,9 Aug 2024,30 Sep 2024,1-8,"AUD 60,000 - 70,000 / Year"
Tax Graduate Program,EY Australia,Sydney  Perth  Melbourne  Darwin  Brisbane  Adelaide  Canberra,64000 - 90000,Ongoing,12 Feb 2024,23 Dec 2024,50-100,"AUD 64,000 - 90,000 / Year"
Consulting Graduate Program,EY Australia,NSW  VIC  WA  SA  ACT,64000 - 90000,Ongoing,12 Feb 2024,23 Dec 2024,100-250,"AUD 64,000 - 90,000 / Year"
Communications Graduate Development Program,Department of Climate Change  Energy  the Environment and Water (DCCEEW),Canberra  Sydney  Brisbane  Melbourne  Darwin  Adelaide  Perth and Hobart,71444 - 86188,1 Feb 2025 - 28 Feb 2025,4 Mar 2024,15 Apr 2024,60-80,"AUD 71,444 - 86,188 / Year
per annum plus 15.4% superannuation contributions."
Any Degree Graduate Program,Australian National Audit Office (ANAO),Canberra,70261,12 Feb 2025,4 Mar 2024,29 Apr 2024,30-40,"AUD 70,261 / Year
15.4% superannuation, (*pending commencement of the ANAO Enterprise Agreement 2024–2027)"
Affirmative Measures Indigenous Graduate Program (Feb 2025),National Indigenous Australians Agency (NIAA),Brisbane  Canberra  Darwin & Perth,77558,5 Feb 2025 - 19 Feb 2025,4 Mar 2024,15 Apr 2024,20-30,"AUD 77,558 / Year
+ 15.4% Superannuation on top of salary."
Graduate Technology Innovation & Change,South32,Perth,79000,9 Feb 2025 - 28 Feb 2025,1 Mar 2024,30 Apr 2024,1,"AUD 79,000 / Year
Competitive salary + great benefits"
Design & Digital Product Graduate,RACV,Melbourne,70000 - 75000,29 Jan 2025,15 May 2024,16 Jun 2024,1-2,"AUD 70,000 - 75,000 / Year"
Consulting Graduate Program (2025),KordaMentha,Melbourne CBD,60000 - 65000,3 Feb 2025,26 Feb 2024,7 Apr 2024,1,"AUD 60,000 - 65,000 / Year
+ bonus + paid study support and study leave+ purchase additional leave + paid parental leave + EAP for all employees and immediate family + free social club + novated leasing for electric vehicles +other benefits and discounts"
Data Analytics Graduate Program,KordaMentha,Melbourne CBD,72000,3 Feb 2025,26 Feb 2024,7 Apr 2024,1,"AUD 72,000 / Year
+ bonus + paid study support and study leave+ purchase additional leave + paid parental leave + EAP for all employees and immediate family + free social club + novated leasing for electric vehicles +other benefits and discounts"
Graduate Program - Logistics & Supply Chain,Mainfreight Australia,Australia,60000 - 70000,Ongoing,1 Jan 2024,31 Dec 2024,1-70,"AUD 60,000 - 70,000 / Year
per annum plus super"
Graduate Digital Engineer,Arcadis Australia Pacific,N/A,71000 - 75000,3 Feb 2025,11 Mar 2024,8 Apr 2024,1,"AUD 71,000 - 75,000 / Year
Competitive Salary and Great Employee Benefits"
Graduate Software Developer,TechnologyOne,Fortitude Valley,80000,20 Jan 2025,4 Mar 2024,28 Apr 2024,1-3,"AUD 80,000 / Year
Competitive Salary and Benefits"
Assurance Graduate Program,EY Australia,Sydney  Adelaide  Brisbane  Canberra  Perth  Melbourne,64000 - 90000,Ongoing,12 Feb 2024,23 Dec 2024,100-650,"AUD 64,000 - 90,000 / Year"
Personal Bank Graduate Program (2025),NAB Australia,Sydney  Melbourne,80000,17 Feb 2025,26 Feb 2024,2 Apr 2024,1-2,"AUD 80,000 / Year"
Financial Regulation Graduate Program,Australian Prudential Regulation Authority (APRA),Sydney  Melbourne  Brisbane,85000,1 Feb 2025,19 Feb 2024,7 Apr 2024,20-30,"AUD 85,000 / Year
Inclusive of superannuation"
Environmental  Governance and Social Graduate Program (2025),KPMG Australia,Adelaide  Brisbane  Canberra  Darwin  Geelong  Gold Coast  Hobart  Melbourne  Newcastle  Parramatta  Perth  Sydney  Townsville  Wollongong,60000 - 82000,10 Feb 2025,11 Mar 2024,30 Oct 2024,1-700,"AUD 60,000 - 82,000 / Year"
Graduate Software Developer,TechnologyOne,Fortitude Valley,80000,20 Jan 2025,4 Mar 2024,28 Apr 2024,1-3,"AUD 80,000 / Year
Competitive Salary and Benefits"
Assurance Graduate Program,EY Australia,Sydney  Adelaide  Brisbane  Canberra  Perth  Melbourne,64000 - 90000,Ongoing,12 Feb 2024,23 Dec 2024,100-650,"AUD 64,000 - 90,000 / Year"
2025 Risk Management Graduate Program,Commonwealth Bank,Sydney,72000 - 75000,17 Feb 2025,19 Feb 2024,22 Mar 2024,1-8,"AUD 72,000 - 75,000 / Year"
2025 Technology & Operations Graduate Program,IAG,Melbourne  Sydney  Brisbane,62000 - 78000,3 Feb 2025,29 Feb 2024,27 Mar 2024,30-40,"AUD 62,000 - 78,000 / Year
Competitive salary, 10% bonus and 13% super"
Technology Graduate - Pre Register,RACV,Melbourne,70000 - 75000,29 Jan 2025,15 May 2024,16 Jun 2024,1-2,"AUD 70,000 - 75,000 / Year"
Assisted Channels Graduate Program,RACV,Melbourne,70000 - 75000,1 Feb 2025 - 26 Feb 2025,16 May 2024,16 Jun 2024,1-6,"AUD 70,000 - 75,000 / Year"
Environmental  Governance and Social Graduate Program (2025),KPMG Australia,Adelaide  Brisbane  Canberra  Darwin  Geelong  Gold Coast  Hobart  Melbourne  Newcastle  Parramatta  Perth  Sydney  Townsville  Wollongong,60000 - 82000,10 Feb 2025,11 Mar 2024,30 Oct 2024,1-700,"AUD 60,000 - 82,000 / Year"
Information Technology Graduate Program,Australian Taxation Office (ATO),Adelaide  Albury  Brisbane  Canberra  Melbourne  Newcastle  Sydney  Perth  Wollongong,70280,1 Feb 2025,4 Mar 2024,11 Apr 2024,5-10,"AUD 70,280 / Year"
Graduate IS Risk Auditor,Queensland Audit Office,Queensland,75205,1 Oct 2024 - 1 Feb 2025,11 Mar 2024,26 Apr 2024,1-2,"AUD 75,205 / Year
Plus 12.75 per cent superannuation and leave loading benefits"
Risk Management & Advice Graduate Program,Australian Prudential Regulation Authority (APRA),Sydney  Melbourne  Brisbane,85000,1 Feb 2025,19 Feb 2024,7 Apr 2024,20-30,"AUD 85,000 / Year
*Includes Superannuation *Relocation Assistance Offered"
Engineering (Environmental) Graduate Development Program,Department of Climate Change  Energy  the Environment and Water (DCCEEW),Canberra  Sydney  Brisbane  Melbourne  Darwin  Adelaide  Perth and Hobart,71444 - 86188,1 Feb 2025 - 28 Feb 2025,4 Mar 2024,15 Apr 2024,60-80,"AUD 71,444 - 86,188 / Year
per annum plus 15.4% superannuation contributions."
Technology Graduate Development Program,Department of Climate Change  Energy  the Environment and Water (DCCEEW),Canberra  Sydney  Brisbane  Melbourne  Darwin  Adelaide  Perth and Hobart,71444 - 86168,1 Feb 2025 - 28 Feb 2025,4 Mar 2024,15 Apr 2024,60-80,"AUD 71,444 - 86,168 / Year
per annum plus 15.4% superannuation contributions."
Policy Graduate Development Program,Department of Climate Change  Energy  the Environment and Water (DCCEEW),Canberra  Sydney  Brisbane  Melbourne  Darwin  Adelaide  Perth and Hobart,71444 - 86188,1 Feb 2025 - 28 Feb 2025,4 Mar 2024,15 Apr 2024,60-80,"AUD 71,444 - 86,188 / Year
per annum plus 15.4% superannuation contributions."
2025 Graduate Systems Engineer,Leidos Australia,Canberra  Melbourne,82000 - 85500,3 Feb 2025,28 Feb 2024,2 Apr 2024,1,"AUD 82,000 - 85,500 / Year
Permanent employment. Competitive salary. Flexible work arrangements. Volunteer leave."
2025 Graduate Software Engineer,Leidos Australia,Canberra  Melbourne,82000 - 85500,3 Feb 2025,28 Feb 2024,2 Apr 2024,1,"AUD 82,000 - 85,500 / Year
Permanent employment. Competitive salary. Flexible work arrangements. Volunteer leave."
Graduate Consultant – Asset Management,Aurecon Australia,Sydney  Adelaide  Brisbane  Melbourne  Perth,78500,1 Feb 2025 - 28 Feb 2025,21 Feb 2024,7 Apr 2024,1-100,"AUD 78,500 / Year
+ flexible working, professional accreditation support, employee assistance program"
Growth  Strategy & Analytics Graduate,RACV,Melbourne,70000 - 75000,29 Jan 2025,15 May 2024,16 Jun 2024,1-2,"AUD 70,000 - 75,000 / Year"
Graduate Program - Software Engineering,Nova Systems,Sydney,72000,3 Feb 2025,23 Jun 2024,16 Jul 2024,1,"AUD 72,000 / Year
Plus 11% Superannuation, advancement on successful completion of Probation, and annually after that"
2025 Rollin' Insurance Graduate,IAG,Sydney,62000 - 78000,3 Feb 2025,29 Feb 2024,27 Mar 2024,1-5,"AUD 62,000 - 78,000 / Year"
Audit  Assurance and Finance Graduate Program (2025),KPMG Australia,Adelaide  Brisbane  Canberra  Darwin  Geelong  Gold Coast  Hobart  Melbourne  Newcastle  Parramatta  Perth  Sydney  Townsville  Wollongong,60000 - 82000,10 Feb 2025,11 Mar 2024,30 Oct 2024,1-700,"AUD 60,000 - 82,000 / Year"
Acoustic Graduates,WSP Australia,Australia Wide,69000 - 72000,1 Jul 2024 - 1 Feb 2025,19 Feb 2024,30 Apr 2024,2-8,"AUD 69,000 - 72,000 / Year
+ 11.5% superannuation, employee benefits (wellbeing, health, career development, work life balance)"
IT & Digital Graduate Program,Nutrien Ag Solutions,Docklands  VIC location,75000 - 78750,5 Feb 2025,13 May 2024,14 Jun 2024,1-4,"AUD 75,000 - 78,750 / Year"
Data Analytics Graduate Program (2025),NAB Australia,Sydney  Melbourne,80000,17 Feb 2025,26 Feb 2024,2 Apr 2024,1-2,"AUD 80,000 / Year"
Policy  Legal and Advice Graduate Program,Australian Prudential Regulation Authority (APRA),Sydney  Melbourne  Brisbane,85000,1 Feb 2025,19 Feb 2024,7 Apr 2024,20-30,"AUD 85,000 / Year
Inclusive of Superannuation"
Corporate Services Graduate Program,BMD,Sydney  Brisbane  Melbourne  Perth,65000 - 75000,3 Jan 2025,15 Apr 2024,19 May 2024,10-20,"AUD 65,000 - 75,000 / Year"
Growth  Strategy & Analytics Graduate,RACV,Melbourne,70000 - 75000,29 Jan 2025,15 May 2024,16 Jun 2024,1-2,"AUD 70,000 - 75,000 / Year"
Cyber Graduate Program (2025),McGrathNicol,Sydney  Melbourne  Perth  Canberra,75000,17 Feb 2025,19 Feb 2024,31 Mar 2024,6-10,"AUD 75,000 / Year
Inclusive of superannuation. Plus performance bonus."
2025 Graduate Project Coordinator,Leidos Australia,Canberra  Melbourne,82000 - 85500,3 Feb 2025,28 Feb 2024,2 Apr 2024,1,"AUD 82,000 - 85,500 / Year
Permanent employment. Competitive salary. Flexible work arrangements. Volunteer leave."
2025 Actuarial & Analytics Graduate Program,IAG,Melbourne  Sydney  Brisbane,62000 - 78000,3 Feb 2025,29 Feb 2024,27 Mar 2024,10-15,"AUD 62,000 - 78,000 / Year
Competitive salary, 10% bonus and 13% super"
Digital and Design Graduate Program (2025),NAB Australia,Melbourne  Sydney,80000,17 Feb 2025,26 Feb 2024,2 Apr 2024,1-2,"AUD 80,000 / Year"
Forensic Accounting Graduate Program (2025),KordaMentha,Brisbane  Sydney  Melbourne,70000,3 Feb 2025,26 Feb 2024,7 Apr 2024,4-8,"AUD 70,000 / Year
+ bonus + paid study support and study leave+ purchase additional leave + paid parental leave + EAP for all employees and immediate family + free social club + novated leasing for electric vehicles +other benefits and discount"
Graduate Recruitment Consultant,Robert Walters,Adelaide CBD,60000 - 65000,ASAP,28 Jan 2024,28 Jul 2024,3-10,"AUD 60,000 - 65,000 / Year
Competitive salary & excellent company benefits"
2025 Graduate Systems Administrator,Leidos Australia,Canberra  Melbourne,82000 - 85500,3 Feb 2025,28 Feb 2024,2 Apr 2024,1,"AUD 82,000 - 85,500 / Year
Permanent employment. Competitive salary. Flexible work arrangements. Volunteer leave."
2025 Technology & Digital Graduate Program,Coles,Melbourne,75000 - 85000,12 Feb 2025,6 Mar 2024,7 Apr 2024,20-50,"AUD 75,000 - 85,000 / Year"
Intelligence Stream Graduate Program,Australian Government Career Pathways,Canberra,65000 - 80000,1 Jan 2025 - 31 Mar 2025,4 Mar 2024,29 Apr 2024,10-50,"AUD 65,000 - 80,000 / Year
plus 15.4% superannuation (specific employment conditions depend on the employing agency)"
Insurance  Superannuation or Banking Graduate Program,Australian Prudential Regulation Authority (APRA),Sydney  Melbourne  Brisbane,85000,1 Feb 2025,19 Feb 2024,7 Apr 2024,20-30,"AUD 85,000 / Year
Including superannuation"
Legal Graduate Roles,PwC Australia,Multiple Locations in Australia,65000 - 79000,2 Dec 2024 - 23 Jun 2025,26 Feb 2024,22 Mar 2024,1-300,"AUD 65,000 - 79,000 / Year"
Software Development Graduate Program,FDM Group,Sydney  Melbourne  Canberra  Brisbane,67500 - 70500,Ongoing,4 Sep 2023,19 Mar 2024,14-24,"AUD 67,500 - 70,500 / Year
3 months of training + share options + relocation package where appropriate"
Cyber Security Graduate Program,Australian Taxation Office (ATO),Adelaide  Albury  Brisbane  Canberra  Melbourne  Newcastle  Sydney  Wollongong,70280,1 Feb 2025,4 Mar 2024,11 Apr 2024,5-10,"AUD 70,280 / Year"
Graduate Recruitment Consultant,Robert Walters,Adelaide CBD,60000 - 65000,ASAP,28 Jan 2024,28 Jul 2024,3-10,"AUD 60,000 - 65,000 / Year
Competitive salary & excellent company benefits"
Audit  Assurance and Finance Graduate Program (2025),KPMG Australia,Adelaide  Brisbane  Canberra  Darwin  Geelong  Gold Coast  Hobart  Melbourne  Newcastle  Parramatta  Perth  Sydney  Townsville  Wollongong,60000 - 82000,10 Feb 2025,11 Mar 2024,30 Oct 2024,1-700,"AUD 60,000 - 82,000 / Year"
2025 Marketing & Corporate Affairs Graduate Program,Commonwealth Bank,Sydney,72000 - 75000,17 Feb 2025,19 Feb 2024,22 Mar 2024,1-2,"AUD 72,000 - 75,000 / Year"
Cyber and Cloud Graduate Program,Macquarie Technology Group,Sydney CBD or Macquarie Park,60000 - 75000,ASAP,28 Nov 2023,7 Apr 2024,10-20,"AUD 60,000 - 75,000 / Year"
Data Analytics Graduate Program (2025),McGrathNicol,Sydney,75000,17 Feb 2025,19 Feb 2024,31 Mar 2024,3-5,"AUD 75,000 / Year
Inclusive of superannuation. Plus performance bonus."
Graduate ICT Engineer,Honeywell Australia and New Zealand,Melbourne,85000,1 Feb 2025 - 28 Feb 2025,6 Mar 2024,15 Apr 2024,1,"AUD 85,000 / Year"
Security Graduate Program - Buildings,Stantec Australia,Sydney  Brisbane  Perth,75000 - 79000,3 Feb 2025,4 Mar 2024,29 Mar 2024,1,"AUD 75,000 - 79,000 / Year
Mental Health Program, Salary packaging, Employee Assistance Program, Rewards and Benefits Program"
Computer Systems Architect Graduate Program,Lockheed Martin Australia,Adelaide,80000 - 85000,19 Feb 2025,1 Aug 2024,1 Sep 2024,1,"AUD 80,000 - 85,000 / Year
Inc super + ongoing salary reviews"
Analytics Graduate Program,Quantium,Canberra  Brisbane  Sydney  Melbourne,82000 - 85000,17 Feb 2025,16 Feb 2024,29 Mar 2024,1-100,"AUD 82,000 - 85,000 / Year
End of program promotion, pay rise and bonus"
2025 Information Technology Graduate Program,John Holland,Melbourne,84000,7 Feb 2025,7 Mar 2024,5 Apr 2024,2-5,"AUD 84,000 / Year"
Analytics Graduate Roles,PwC Australia,Multiple Locations in Australia,65000 - 79000,2 Dec 2024 - 23 Jun 2025,26 Feb 2024,22 Mar 2024,1-200,"AUD 65,000 - 79,000 / Year"
Engineering Graduate Roles,PwC Australia,Multiple Locations in Australia,65000 - 79000,2 Dec 2024 - 23 Jun 2025,26 Feb 2024,22 Mar 2024,1-200,"AUD 65,000 - 79,000 / Year"
Data/Statistics Graduate Development Program,Department of Climate Change  Energy  the Environment and Water (DCCEEW),Canberra  Sydney  Brisbane  Melbourne  Darwin  Adelaide  Perth and Hobart,71444 - 86188,1 Feb 2025 - 28 Feb 2025,4 Mar 2024,15 Apr 2024,60-80,"AUD 71,444 - 86,188 / Year
per annum plus 15.4% superannuation contributions."
Digital and Design Graduate Program (2025),NAB Australia,Melbourne  Sydney,80000,17 Feb 2025,26 Feb 2024,2 Apr 2024,1-2,"AUD 80,000 / Year"
Architecture  Planning & Design Graduate Development Programme,Arup,Multiple Locations in Australia,74000 - 83000,1 Aug 2024 - 1 Feb 2025,19 Feb 2024,26 Mar 2024,1-15,"AUD 74,000 - 83,000 / Year
Graduates are also eligible for Arup's global profit share scheme."
2025 Technology & Digital Graduate Program,Coles,Melbourne,75000 - 85000,12 Feb 2025,6 Mar 2024,7 Apr 2024,20-50,"AUD 75,000 - 85,000 / Year"
Graduate Officers,The Department of Water and Environmental Regulation (DWER),Joondalup,79156 - 84977,3 Feb 2025,22 Jul 2024,2 Sep 2024,10-15,"AUD 79,156 - 84,977 / Year"
Tax Graduate Program,PwC Australia,Multiple Locations in Australia,65000 - 79000,2 Dec 2024 - 23 Jul 2025,26 Feb 2024,22 Mar 2024,1-300,"AUD 65,000 - 79,000 / Year"
Data/Statistics Graduate Development Program,Department of Climate Change  Energy  the Environment and Water (DCCEEW),Canberra  Sydney  Brisbane  Melbourne  Darwin  Adelaide  Perth and Hobart,71444 - 86188,1 Feb 2025 - 28 Feb 2025,4 Mar 2024,15 Apr 2024,60-80,"AUD 71,444 - 86,188 / Year
per annum plus 15.4% superannuation contributions."
2025 Marketing Graduate Program,Coles,Melbourne,75000 - 85000,12 Feb 2025,6 Mar 2024,7 Apr 2024,7-10,"AUD 75,000 - 85,000 / Year"
ICT Graduate Program,ACT Government,Canberra,84061,2 Feb 2025 - 28 Feb 2025,4 Mar 2024,28 Apr 2024,70-110,"AUD 84,061 / Year"
Graduate Programs,Wiley Edge,Sydney,60000 - 70000,Ongoing,3 Jul 2024,1 Sep 2024,1-50,"AUD 60,000 - 70,000 / Year"
Graduate UX Designer,Honeywell Australia and New Zealand,North Ryde  NSW,85000,1 Feb 2025 - 28 Feb 2025,1 Mar 2024,15 Apr 2024,1,"AUD 85,000 / Year"
Graduate Consultant,Nous Group,Brisbane  Canberra  Darwin  and Perth,65500 - 74500,3 Feb 2025 - 30 Apr 2025,4 Mar 2024,17 Mar 2024,5-60,"AUD 65,500 - 74,500 / Year
Starting from $65,500. Superannuation, remote working allowance, & collaborative bonus not included."
Tax Graduate Program,PwC Australia,Multiple Locations in Australia,65000 - 79000,2 Dec 2024 - 23 Jul 2025,26 Feb 2024,22 Mar 2024,1-300,"AUD 65,000 - 79,000 / Year"
Platform Engineering Graduate Program,Quantium,South Eveleigh  Sydney  NSW,83000 - 85000,17 Feb 2025,16 Feb 2024,29 Mar 2024,1-100,"AUD 83,000 - 85,000 / Year
End of program promotion, pay rise and bonus"
Project Grace: Technical Graduate Program,FDM Group,Sydney  Melbourne  Brisbane  Canberra,67500 - 70500,Ongoing,4 Sep 2023,10 Jul 2024,14-20,"AUD 67,500 - 70,500 / Year
Salary package + 3 months of training + share options + relocation package where appropriate"
Arts/Indigenous Studies Graduate Development Program,Department of Climate Change  Energy  the Environment and Water (DCCEEW),Canberra  Sydney  Brisbane  Melbourne  Darwin  Adelaide  Perth and Hobart,71444 - 86188,1 Feb 2025 - 28 Feb 2025,4 Mar 2024,15 Apr 2024,60-80,"AUD 71,444 - 86,188 / Year
per annum plus 15.4% superannuation contributions."
Finance Graduate Roles,PwC Australia,Multiple Locations in Australia,65000 - 79000,2 Dec 2024 - 23 Jun 2025,26 Feb 2024,22 Mar 2024,1-200,"AUD 65,000 - 79,000 / Year"
2025 Graduate Trader Program,Susquehanna International Group (SIG),Sydney,250000,17 Feb 2025,1 Jan 2024,30 Jun 2024,1-8,"AUD 250,000 / Year
Package exclusive of superannuation. Health care + gym allowance, plus additional leave"
Technology Graduate Roles,PwC Australia,Multiple Locations in Australia,65000 - 79000,2 Dec 2024 - 23 Jun 2025,26 Feb 2024,22 Mar 2024,1-200,"AUD 65,000 - 79,000 / Year"
2025 Supply Graduate Program,Diageo,Huntingwood,67000 - 73000,13 Jan 2025 - 17 Jan 2025,8 Apr 2024,10 May 2024,2-3,"AUD 67,000 - 73,000 / Year
+ Super + Bonus + Product Allowance + Benefits"
2025 Banking and Accounting Graduate Program,Commonwealth Bank,Sydney  Melbourne  Perth  Adelaide & Brisbane,75000 - 90000,17 Feb 2025,19 Feb 2024,22 Mar 2024,1-30,"AUD 75,000 - 90,000 / Year"
Graduate Program (2025) - Expressions of Interest,Gallagher,Sydney NSW  Brisbane QLD  Melbourne VIC,72000,3 Feb 2025,1 Jul 2024,30 Sep 2024,5-10,"AUD 72,000 / Year
Competitive"
Graduate Sales Engineer,Honeywell Australia and New Zealand,Sydney  Melbourne  Brisbane & Perth,85000,1 Feb 2025 - 28 Feb 2025,1 Mar 2024,15 Apr 2024,2-4,"AUD 85,000 / Year"
Graduate Program Corporate - Marketing,Optus,Sydney,80000 - 100000,ASAP,4 Mar 2024,7 Apr 2024,1,"AUD 80,000 - 100,000 / Year"
Data or STEM Graduate Program,Australian Taxation Office (ATO),Adelaide  Brisbane  Canberra  Hobart  Melbourne  Sydney  Perth,70280,1 Feb 2025,4 Mar 2024,3 Apr 2024,5-10,"AUD 70,280 / Year"
2025 Banking and Accounting Graduate Program,Commonwealth Bank,Sydney  Melbourne  Perth  Adelaide & Brisbane,75000 - 90000,17 Feb 2025,19 Feb 2024,22 Mar 2024,1-30,"AUD 75,000 - 90,000 / Year"
Graduate Program Corporate - Risk,Optus,Sydney,80000 - 100000,ASAP,4 Mar 2024,7 Apr 2024,1,"AUD 80,000 - 100,000 / Year"
Data or STEM Graduate Program,Australian Taxation Office (ATO),Adelaide  Brisbane  Canberra  Hobart  Melbourne  Sydney  Perth,70280,1 Feb 2025,4 Mar 2024,3 Apr 2024,5-10,"AUD 70,280 / Year"
Graduate Business Consultant,TechnologyOne,Fortitude Valley,70000 - 80000,6 Feb 2025,4 Mar 2024,28 Apr 2024,5-10,"AUD 70,000 - 80,000 / Year
Competitive Salary and Benefits"
Data Analytics Graduate Program,RSM Australia,Melbourne,67000 - 68500,Ongoing,19 Feb 2024,31 Mar 2024,2,"AUD 67,000 - 68,500 / Year"
Indigenous Graduate Program,EY Australia,Canberra  Sydney  Brisbane  Adelaide  Melbourne  Darwin  Perth,64000 - 90000,Ongoing,9 Feb 2024,23 Dec 2024,50-500,"AUD 64,000 - 90,000 / Year"
Digitial (ICT) Stream Graduate Program,Department of Employment and Workplace Relations (DEWR),Canberra,69863 - 83908,22 Jan 2025 - 26 Feb 2025,6 Mar 2024,17 Apr 2024,5-15,"AUD 69,863 - 83,908 / Year"
Software Engineering Graduate Program,Quantium,South Eveleigh  Sydney  NSW,83000 - 85000,17 Feb 2025,16 Feb 2024,29 Mar 2024,1-100,"AUD 83,000 - 85,000 / Year
End of program promotion, pay rise and bonus"
Data Analytics and Information Systems Graduate Program,Australian National Audit Office (ANAO),Canberra,70261,12 Feb 2025,4 Mar 2024,29 Apr 2024,30-40,"AUD 70,261 / Year
15.4% superannuation, (*pending commencement of the ANAO Enterprise Agreement 2024–2027)"
Psychology Graduate Roles,PwC Australia,Multiple Locations in Australia,65000 - 79000,3 Dec 2024 - 23 Jun 2025,26 Feb 2024,22 Mar 2024,1-300,"AUD 65,000 - 79,000 / Year"
Female Identified Cyber Security Graduate Program,Essential Energy,Sydney,74000 - 85000,Ongoing,26 Feb 2024,27 Mar 2024,1,"AUD 74,000 - 85,000 / Year
Plus 16% Superannuation"
Graduate Sales Representative,TechnologyOne,Fortitude Valley,70000 - 80000,20 Jan 2025,4 Mar 2024,28 Apr 2024,2-4,"AUD 70,000 - 80,000 / Year
Competitive Salary and Benefits"
Graduate Program Corporate - Finance,Optus,Sydney,80000 - 100000,Ongoing,4 Mar 2024,7 Apr 2024,1,"AUD 80,000 - 100,000 / Year"
Project Grace: Business Intelligence Graduate Program,FDM Group,Sydney  Melbourne  Brisbane  Canberra,67500 - 70500,Ongoing,10 Sep 2023,10 Jul 2024,14-20,"AUD 67,500 - 70,500 / Year
Salary package + 3 months of training + share options + relocation package where appropriate"
Software Development Graduate Program,FDM Group New Zealand,Locations all across Australia,65000 - 70000,Ongoing,21 Apr 2023,22 Apr 2024,14-100,"AUD 65,000 - 70,000 / Year
Salary package + 3 months of training + BAYE option"
Strategy and Transactions Graduate Program,EY Australia,Sydney  Darwin  Brisbane  Adelaide  Canberra  Perth  Melbourne,64000 - 90000,Ongoing,12 Feb 2024,23 Dec 2024,50-100,"AUD 64,000 - 90,000 / Year"
2025 Technology Graduate Program - Melbourne,Linfox ANZ,Essendon Fields,63500 - 65500,3 Feb 2025,11 Mar 2024,21 Apr 2024,2-4,"AUD 63,500 - 65,500 / Year"
Project Grace: Technical Graduate Program,FDM Group New Zealand,Sydney  Melbourne  Brisbane  Canberra,65000 - 70000,Ongoing,4 Sep 2023,10 Jul 2024,14-20,"AUD 65,000 - 70,000 / Year
Salary package + 3 months of training + BAYE option"
2025 Regional & Agribusiness Banking (RAB) Graduate Program,Commonwealth Bank,All towns  Australia wide  outside of the capital cities,72000 - 75000,17 Feb 2025,19 Feb 2024,22 Mar 2024,1-6,"AUD 72,000 - 75,000 / Year"
2025 National Graduate Program - Digital stream,Services Australia,Multiple Locations in Australia,66310 - 73906,1 Feb 2025 - 28 Feb 2025,4 Mar 2024,31 Mar 2024,1-125,"AUD 66,310 - 73,906 / Year"
Award winning ICT Graduate Rotation Program,Cenitex,Melbourne,63000 - 70000,25 Mar 2024 - 24 Apr 2024,25 Jul 2023,25 Mar 2024,5-10,"AUD 63,000 - 70,000 / Year
AUD 63,500 plus superannuation"
Graduate Development Program,Department of Industry  Science and Resources,Sydney,75886 - 83460,29 Jan 2025 - 13 Feb 2025,4 Mar 2024,15 Apr 2024,40-60,"AUD 75,886 - 83,460 / Year"
2025 Graduate Program,Rio Tinto,Multiple Locations in Australia and New Zeland,83000 - 99000,Ongoing,26 Feb 2024,31 Mar 2024,1-100,"AUD 83,000 - 99,000 / Year
An attractive salary package includes a performance based bonus, plus an employee share program"
Graduate Program Technology - Cybersecurity,Optus,Sydney,80000 - 100000,Ongoing,4 Mar 2024,7 Apr 2024,1,"AUD 80,000 - 100,000 / Year"
Graduate Program Technology - Satellite,Optus,Sydney,80000 - 100000,Ongoing,4 Mar 2024,7 Apr 2024,1,"AUD 80,000 - 100,000 / Year"
Graduate Program (2025),Ericsson,Melbourne  Sydney and New Zealand,76000 - 85000,3 Feb 2025,1 Apr 2024,30 May 2024,10-22,"AUD 76,000 - 85,000 / Year
+ 11% Superannuation and 5% variable pay"
Corporate and Institutional Banking Graduate Program (2025),NAB Australia,Sydney  Melbourne,80000,17 Feb 2025,26 Feb 2024,2 Apr 2024,1-2,"AUD 80,000 / Year"
Cyber Security Graduate Program,Saab Australia,Adelaide - Mawson Lakes. Melbourne - Hawthorn. Perth - Rockingham.,81000,20 Jan 2025,4 Mar 2024,9 Apr 2024,20-25,"AUD 81,000 / Year
6 weeks total leave, 13% superannuation, share matching scheme, free income protection insurance."
Graduate Program Corporate - Customer Solutions,Optus,Sydney,80000 - 100000,ASAP,4 Mar 2024,7 Apr 2024,1,"AUD 80,000 - 100,000 / Year"
Data Engineering Graduate Program,Quantium,South Eveleigh  Sydney  NSW,83000 - 85000,17 Feb 2025,16 Feb 2024,29 Mar 2024,1-100,"AUD 83,000 - 85,000 / Year
End of program promotion, pay rise and bonus"
2025 National Graduate Program - Data stream,Services Australia,Multiple Locations in Australia,66310 - 73906,1 Feb 2025 - 28 Feb 2025,4 Mar 2024,31 Mar 2024,1-125,"AUD 66,310 - 73,906 / Year"
Aurecon Graduate Program (Indigenous Australians),Aurecon Australia,Australia wide,78500,1 Feb 2025 - 28 Feb 2025,21 Feb 2024,7 Apr 2024,1-100,"AUD 78,500 / Year
+ flexible working, professional accreditation support, employee assistance program"
Graduate Program Corporate - Television & Content,Optus,Sydney,80000 - 100000,Ongoing,4 Mar 2024,7 Apr 2024,1,"AUD 80,000 - 100,000 / Year"
2025 Retail and Consumer Products Graduate Program,Coles,Melbourne,75000 - 85000,12 Feb 2025,6 Mar 2024,7 Apr 2024,4-8,"AUD 75,000 - 85,000 / Year"
2025 Product  Strategy and Customer Experience Graduate Program,Commonwealth Bank,Sydney,72000 - 75000,17 Feb 2025,19 Feb 2024,22 Mar 2024,50,"AUD 72,000 - 75,000 / Year"
Human Resources Graduate Roles,PwC Australia,Multiple Locations in Australia,65000 - 79000,2 Dec 2024 - 23 Jun 2025,26 Feb 2024,22 Mar 2024,1-200,"AUD 65,000 - 79,000 / Year"
Engineering and Infrastructure Graduate Program,ACT Government,Canberra,84061,2 Feb 2025 - 28 Feb 2025,4 Mar 2024,28 Apr 2024,70-110,"AUD 84,061 / Year"
Graduate Program Technology - Networking Engineering,Optus,Sydney,80000 - 100000,Ongoing,4 Mar 2024,7 Apr 2024,1,"AUD 80,000 - 100,000 / Year"
Project Management Graduate Program (2025),BAE Systems Australia,Osborne & Edinburgh Parks (SA)  Garden Island (NSW),78800 - 80000,3 Feb 2025,4 Mar 2024,12 Apr 2024,5-6,"AUD 78,800 - 80,000 / Year
This is provided as a Total Annual Package (TAP). Annual Salary Review"
Engineering and Infrastructure Graduate Program,ACT Government,Canberra,84061,2 Feb 2025 - 28 Feb 2025,4 Mar 2024,28 Apr 2024,70-110,"AUD 84,061 / Year"
Forensic Technology Graduate Program (2025),KordaMentha,Sydney  Melbourne,70000 - 72000,5 Feb 2025,26 Feb 2024,7 Apr 2024,1,"AUD 70,000 - 72,000 / Year
+ bonus + paid study support and study leave+ purchase additional leave + paid parental leave + EAP for all employees and immediate family + free social club + novated leasing for electric vehicles +other benefits and discount"
2025 Technology Graduate Program,AMP,Sydney,72000 - 77000,17 Feb 2025,6 Mar 2024,17 Feb 2025,3-6,"AUD 72,000 - 77,000 / Year
12% superannuation, up to 10% annual bonus and generous leave allowances"
Data Analytics Graduate Program (Postgraduates),RSM Australia,Melbourne,67000 - 68500,ASAP,19 Feb 2024,31 Mar 2024,3,"AUD 67,000 - 68,500 / Year"
Human Resources Graduate Roles,PwC Australia,Multiple Locations in Australia,65000 - 79000,2 Dec 2024 - 23 Jun 2025,26 Feb 2024,22 Mar 2024,1-200,"AUD 65,000 - 79,000 / Year"
Artificial Intelligence & Machine Learning Graduate Program,Lockheed Martin Australia,Adelaide,80000 - 85000,19 Feb 2025,24 Jul 2024,19 Aug 2024,1-5,"AUD 80,000 - 85,000 / Year
Including super"
Business Management Graduate Program,MMEM,NSW  VIC  QLD  WA  SA  NT  TAS,50000 - 65000,ASAP,8 May 2024,4 Jun 2024,1-20,"AUD 50,000 - 65,000 / Year
Competitive entry level salary + huge bonus potential"
2025 Bundaberg Rum Graduate Program,Diageo,Bundaberg,67000 - 72000,13 Jan 2025 - 17 Jan 2025,6 Apr 2024,10 May 2024,1,"AUD 67,000 - 72,000 / Year
+ Super + Bonus + Product Allowance + Benefits"
2025 Store Support Centre Graduate Program,Coles,Melbourne,75000 - 85000,12 Feb 2025,6 Mar 2024,7 Apr 2024,80-100,"AUD 75,000 - 85,000 / Year"
Graduate Program Technology - Networking Engineering,Optus,Sydney,80000 - 100000,Ongoing,4 Mar 2024,7 Apr 2024,1,"AUD 80,000 - 100,000 / Year"
Graduate Program Technology - Data Analytics,Optus,Sydney,80000 - 100000,Ongoing,4 Mar 2024,7 Apr 2024,1,"AUD 80,000 - 100,000 / Year"
Graduate Program Technology - Software Engineering,Optus,Sydney,80000 - 100000,Ongoing,4 Mar 2024,7 Apr 2024,1,"AUD 80,000 - 100,000 / Year"
2025 Business Operations Graduate Program,Coles,Melbourne,75000 - 85000,12 Feb 2025,6 Mar 2024,7 Apr 2024,17-30,"AUD 75,000 - 85,000 / Year"
Business Intelligence Graduate Program Australia,FDM Group New Zealand,Locations all across Australia,65000 - 70000,Ongoing,21 Apr 2023,22 Apr 2024,14-100,"AUD 65,000 - 70,000 / Year
Salary package + 3 months of training + BAYE option"
Graduate Program (2024/25),GHD,ACT & Southern NSW,73000 - 75000,17 Feb 2025,19 Feb 2024,24 Mar 2024,16,"AUD 73,000 - 75,000 / Year
Structured advancement & salary increases over your first two years"
Finance and Commerce Graduate Program,ACT Government,Canberra,84061,5 Feb 2025,4 Mar 2024,28 Apr 2024,70-110,"AUD 84,061 / Year"
2025 National Graduate Program - Service delivery stream,Services Australia,Multiple Locations in Australia,66310 - 73906,1 Feb 2025 - 28 Feb 2025,4 Mar 2024,31 Mar 2024,1-125,"AUD 66,310 - 73,906 / Year"
Recruitment Specialist - Graduate Program,Concentis,Brisbane  QLD,55000 - 65000,ASAP,14 Feb 2024,14 Jun 2024,,"AUD 55,000 - 65,000 / Year
Monthly Commissions"
Recruitment Specialist - Graduate Program,Concentis,Brisbane  QLD,55000 - 65000,ASAP,14 Feb 2024,14 Jun 2024,,"AUD 55,000 - 65,000 / Year
Monthly Commissions"
2025 National Graduate Program - Generalist stream,Services Australia,Multiple Locations in Australia,66310 - 73906,1 Feb 2025 - 28 Feb 2025,4 Mar 2024,31 Mar 2024,1-125,"AUD 66,310 - 73,906 / Year"
Graduate Program 2024/25 - Perth,GHD,Perth,73000 - 75000,17 Feb 2025,19 Feb 2024,24 Mar 2024,43,"AUD 73,000 - 75,000 / Year
Structured advancement & salary increases over your first two years"
2026 Graduate Program - Business Stream,Protiviti,Brisbane  Canberra  Melbourne and Sydney,75000 - 80000,9 Feb 2026 - 23 Feb 2026,19 Jan 2025,28 Apr 2025,40-60,"AUD 75,000 - 80,000 / Year
(inclusive of superannuation + ICP) + perks"
Technical Analyst Graduate Program Australia,FDM Group New Zealand,Locations all across Australia,65000 - 70000,Ongoing,21 Apr 2023,22 Apr 2024,14-100,"AUD 65,000 - 70,000 / Year
Salary package + 3 months of training + BAYE option"
Graduate Program 2024/25 - Tasmania,GHD,Tasmania,73000 - 75000,17 Feb 2025,19 Feb 2024,24 Mar 2024,14,"AUD 73,000 - 75,000 / Year
Structured advancement & salary increases over your first two years"
Graduate Quantitative Researcher (Feb 2025),Optiver,Sydney,200000 - 250000,21 Feb 2025,5 Feb 2024,24 May 2024,1-5,"AUD 200,000 - 250,000 / Year
Package inclusive of superannuation"
2026 Graduate Program - Technology Stream,Protiviti,Brisbane  Canberra  Melbourne  Sydney,75000 - 80000,9 Feb 2026 - 23 Feb 2026,19 Jan 2025,28 Apr 2025,40-60,"AUD 75,000 - 80,000 / Year
(inclusive of superannuation + ICP) + perks"
Graduate Program 2024/25 - Advisory,GHD,Australia wide,73000 - 75000,17 Feb 2025,19 Feb 2024,24 Mar 2024,14,"AUD 73,000 - 75,000 / Year
Structured advancement & salary increases over your first two years"
Graduate Engineer,Canva,Sydney / Melbourne (office) or remote anywhere in AU or NZ,95000 - 110000,19 Feb 2025 - 30 Sep 2025,8 Sep 2024,5 Oct 2024,7-9,"AUD 95,000 - 110,000 / Year"
Graduate Program 2024/25 - Sydney,GHD,Sydney,73000 - 75000,17 Feb 2025,19 Feb 2024,24 Mar 2024,56,"AUD 73,000 - 75,000 / Year
Structured advancement & salary increases over your first two years"
2025 Business Advisory Graduate Program,Deloitte Australia,Australia wide,62000 - 75000,1 Feb 2025 - 1 Mar 2025,28 Feb 2024,10 Apr 2024,1-50,"AUD 62,000 - 75,000 / Year"
Graduate Program Corporate - Enterprise & Business (Products & Sales),Optus,Sydney,80000 - 100000,ASAP,4 Mar 2024,7 Apr 2024,1,"AUD 80,000 - 100,000 / Year"
Consulting and Advisory Graduate Roles,PwC Australia,Multiple Locations in Australia,65000 - 79000,2 Dec 2024 - 23 Jun 2025,26 Feb 2024,22 Mar 2024,1-200,"AUD 65,000 - 79,000 / Year"
Computer Science & Data Science Graduates,WSP Australia,Australia Wide,69000 - 72000,1 Jul 2024 - 1 Feb 2025,19 Feb 2024,30 Apr 2024,3-15,"AUD 69,000 - 72,000 / Year
+ 11.5% superannuation, employee benefits (wellbeing, health, career development, work life balance)"
Software Engineering Graduate Program 2025,Telstra,Melbourne,65000 - 75000,27 Jan 2025 - 10 Feb 2025,11 Mar 2024,7 Apr 2024,200-210,"AUD 65,000 - 75,000 / Year"
Graduate Program Corporate - People & Culture (Human Resources),Optus,Sydney,80000 - 100000,ASAP,4 Mar 2024,7 Apr 2024,1,"AUD 80,000 - 100,000 / Year"
Graduate Program 2024/25 - Digital Consulting,GHD,Sydney  Brisbane  Adelaide  Melbourne  Perth,73000 - 75000,17 Feb 2025,19 Feb 2024,24 Mar 2024,12,"AUD 73,000 - 75,000 / Year
Structured advancement & salary increases over your first two years"
Consultant Graduate Program,Argon & Co,Sydney & Melbourne,72000,15 Jan 2025,26 Feb 2024,26 Mar 2024,2-4,"AUD 72,000 / Year
+ Annual bonus + Superannuation"
Software Developer and Engineering Graduate Program,REA Group,Sydney  Richmond,75000,30 Jan 2025,4 Mar 2024,8 Apr 2024,10,"AUD 75,000 / Year"
Technology Graduate (2025),carsales,Autonomy to choose where you work from – Office  Hybrid or Anywhere.,75000 - 80000,3 Feb 2025 - 20 Feb 2025,26 Feb 2024,1 Apr 2024,2-3,"AUD 75,000 - 80,000 / Year
Our recruitment process will include testing, video interviewing and assessment centres."
2025 Graduate Consultant Positions - Business Streams,Protiviti,Brisbane  Canberra  Melbourne and Sydney,75000 - 80000,10 Feb 2025 - 24 Feb 2025,19 Jan 2024,31 Mar 2024,40-60,"AUD 75,000 - 80,000 / Year
(inclusive of superannuation + ICP) + perks"
Graduate Program Corporate - People & Culture (Human Resources),Optus,Sydney,80000 - 100000,ASAP,4 Mar 2024,7 Apr 2024,1,"AUD 80,000 - 100,000 / Year"
Graduate Quantitative Trader (Feb 2025),Optiver,Sydney,250000,21 Feb 2025,5 Feb 2024,24 May 2024,10-15,"AUD 250,000 / Year
+ Bonus"
Product & Service Design Graduate Program 2025,Telstra,Melbourne,65000 - 75000,27 Jan 2025 - 10 Feb 2025,11 Mar 2024,7 Apr 2024,200-210,"AUD 65,000 - 75,000 / Year"
2025 Data and Analytics Graduate Program,Deloitte Australia,Australia wide,62000 - 75000,1 Feb 2025 - 1 Mar 2025,28 Feb 2024,10 Apr 2024,1-50,"AUD 62,000 - 75,000 / Year"
Graduate Program 2024/25 - South Australia,GHD,N/A,73000 - 75000,17 Feb 2025,19 Feb 2024,24 Mar 2024,24,"AUD 73,000 - 75,000 / Year
Structured advancement & salary increases over your first two years"
2025 Financial Markets & Treasury Graduate Program,Westpac Group,Sydney,70000 - 110000,17 Feb 2025,11 Mar 2024,5 Apr 2024,1,"AUD 70,000 - 110,000 / Year"
Graduate LiveNet Backend R&D Engineer,TikTok Australia & New Zealand,Sydney,100000 - 120000,Ongoing,15 Feb 2024,30 Apr 2024,1-50,"AUD 100,000 - 120,000 / Year"
2025 Graduate Consultant Positions - Technology streams,Protiviti,Brisbane  Canberra  Melbourne and Sydney,75000 - 80000,10 Feb 2025 - 24 Feb 2025,19 Jan 2024,31 Mar 2024,40-60,"AUD 75,000 - 80,000 / Year
(inclusive of superannuation + ICP) + perks"
Data Graduate (2025),carsales,Autonomy to choose where you work from – Office  Hybrid or Anywhere,75000 - 80000,3 Feb 2025 - 20 Feb 2025,26 Feb 2024,1 Apr 2024,2-3,"AUD 75,000 - 80,000 / Year
Our recruitment process will include testing, video interviewing and assessment centres."
Graduate Media SDK Software Engineer (Live Streaming),TikTok Australia & New Zealand,Sydney,100000 - 120000,Ongoing,15 Feb 2024,30 Apr 2024,1-50,"AUD 100,000 - 120,000 / Year"
Graduate Graphic Designer,Canva,Sydney / Melbourne (office) or remote anywhere in AU or NZ,70000 - 90000,19 Feb 2025 - 30 Sep 2025,8 Sep 2024,5 Oct 2024,1-2,"AUD 70,000 - 90,000 / Year"
Technology Consulting & Solutions Graduate Program 2025,Telstra,Melbourne,65000 - 75000,27 Jan 2025 - 10 Feb 2025,11 Mar 2024,7 Apr 2024,200-210,"AUD 65,000 - 75,000 / Year"
Information & Cyber Security Graduate Program 2025,Telstra,Melbourne,65000 - 75000,27 Jan 2025 - 10 Feb 2025,11 Mar 2024,7 Apr 2024,200-210,"AUD 65,000 - 75,000 / Year"
Graduate Site Reliability Engineer (Security Engineering),TikTok Australia & New Zealand,Sydney,100000 - 120000,Ongoing,15 Feb 2024,30 Apr 2024,1-50,"AUD 100,000 - 120,000 / Year"
Contracts & Procurement Advisor Graduate Programme,Shell,Brisbane and Perth,90000 - 100000,11 Feb 2025,12 Mar 2024,16 Apr 2024,2,"AUD 90,000 - 100,000 / Year
Highly competitive remuneration and benefits including performance bonus, flexible working and enhanced superannuation!"
2025 Group Treasury Graduate Program,Westpac Group,Sydney,70000 - 100000,17 Feb 2025,11 Mar 2024,5 Apr 2024,1,"AUD 70,000 - 100,000 / Year"
Cyber Security Engineering Graduate Program - Buildings,Stantec Australia,Brisbane,75000 - 79000,3 Feb 2025,4 Mar 2024,29 Mar 2024,1,"AUD 75,000 - 79,000 / Year
Mental Health Program, Salary packaging, Employee Assistance Program, Rewards and Benefits Program"
Information & Cyber Security Graduate Program 2025,Telstra,Melbourne,65000 - 75000,27 Jan 2025 - 10 Feb 2025,11 Mar 2024,7 Apr 2024,200-210,"AUD 65,000 - 75,000 / Year"
Graduate Site Reliability Engineer (Security Engineering),TikTok Australia & New Zealand,Sydney,100000 - 120000,Ongoing,15 Feb 2024,30 Apr 2024,1-50,"AUD 100,000 - 120,000 / Year"
Graduate Program 2024/25 - Brisbane & South Queensland,GHD,Brisbane & South Queensland,73000 - 75000,17 Feb 2025,19 Feb 2024,24 Mar 2024,47,"AUD 73,000 - 75,000 / Year
Structured advancement & salary increases over your first two years"
Contracts & Procurement Advisor Graduate Programme,Shell,Brisbane and Perth,90000 - 100000,11 Feb 2025,12 Mar 2024,16 Apr 2024,2,"AUD 90,000 - 100,000 / Year
Highly competitive remuneration and benefits including performance bonus, flexible working and enhanced superannuation!"
Graduate Program,Mars,New Zealand wide & Australia wide,N/A,,,,,
Graduate Backend Engineer (Edge CDN Scheduling System),TikTok Australia & New Zealand,Sydney,100000 - 120000,Ongoing,15 Feb 2024,30 Apr 2024,1-50,"AUD 100,000 - 120,000 / Year"
2025 Legal and People & Culture (HR) Graduate Program,Coles,Melbourne,75000 - 85000,12 Feb 2025,6 Mar 2024,7 Apr 2024,10,"AUD 75,000 - 85,000 / Year"
Graduate Backend Engineer (Edge Computing Platform),TikTok Australia & New Zealand,Sydney,100000 - 120000,Ongoing,15 Feb 2024,30 Apr 2024,1-50,"AUD 100,000 - 120,000 / Year"
Engineering Graduate Program - Software and Modelling & Analysis Engineering,Saab Australia,Adelaide - Mawson Lakes. Melbourne - Hawthorn. Perth - Rockingham.,81000,20 Jan 2025,4 Mar 2024,9 Apr 2024,20-25,"AUD 81,000 / Year
6 weeks total leave, 13% superannuation, share matching scheme, free income protection insurance."
Engineering Graduate Program - Software and Modelling & Analysis Engineering,Saab Australia,Adelaide - Mawson Lakes. Melbourne - Hawthorn. Perth - Rockingham.,81000,20 Jan 2025,4 Mar 2024,9 Apr 2024,20-25,"AUD 81,000 / Year
6 weeks total leave, 13% superannuation, share matching scheme, free income protection insurance."
Sales Graduate Program,Hewlett Packard Enterprise (HPE),Sydney,N/A,1 Feb 2024 - 1 Mar 2025,1 Jul 2024,29 Sep 2024,1-2,
Graduate Program,Mineral Resources,Perth,85000 - 98000,26 Feb 2025,15 Mar 2024,30 Apr 2024,15-20,"AUD 85,000 - 98,000 / Year
plus super/Site allowance if applicable"
Technology Graduate Program,POMT Peace of Mind Technology,Sydney,50000 - 70000,Ongoing,12 Nov 2023,9 Nov 2024,1-2,"AUD 50,000 - 70,000 / Year"
Cyber Security Graduate Program,BDO Australia,Brisbane  Sydney,65000 - 75000,20 Jan 2025,19 Feb 2024,27 Mar 2024,1-10,"AUD 65,000 - 75,000 / Year"
Graduate Quality Assurance Engineer (Video Arch),TikTok Australia & New Zealand,Sydney,100000 - 120000,Ongoing,15 Feb 2024,30 Apr 2024,1-50,"AUD 100,000 - 120,000 / Year"
Graduate Program 2024/25 - Regional Western Australia,GHD,Regional Western Australia,73000 - 75000,17 Feb 2025,19 Feb 2024,24 Mar 2024,43,"AUD 73,000 - 75,000 / Year
Structured advancement & salary increases over your first two years"
Forensic Services Graduate Program,BDO Australia,Brisbane,65000 - 75000,20 Jan 2025,19 Feb 2024,27 Mar 2024,1-5,"AUD 65,000 - 75,000 / Year"
Graduate Technical Operations Engineer (Video Arch),TikTok Australia & New Zealand,Sydney,100000 - 120000,Ongoing,15 Feb 2024,30 Apr 2024,1-50,"AUD 100,000 - 120,000 / Year"
Graduate Frontend Software Engineer (TikTok Trust and Safety),TikTok Australia & New Zealand,Sydney,100000 - 120000,Ongoing,15 Feb 2024,30 Apr 2024,1-50,"AUD 100,000 - 120,000 / Year"
Graduate Backend Software Engineer (Trust and Safety Engineering),TikTok Australia & New Zealand,Sydney,100000 - 120000,Ongoing,15 Feb 2024,30 Apr 2024,1-50,"AUD 100,000 - 120,000 / Year"
Graduate Backend Engineer (Edge Server  Network  Platform),TikTok Australia & New Zealand,Sydney,100000 - 120000,Ongoing,15 Feb 2024,30 Apr 2024,1-50,"AUD 100,000 - 120,000 / Year"
Graduate Machine Learning Engineer (Trust & Safety),TikTok Australia & New Zealand,Sydney,100000 - 120000,Ongoing,15 Feb 2024,30 Apr 2024,1-50,"AUD 100,000 - 120,000 / Year"
Risk Advisory Graduate Program,BDO Australia,Brisbane  Melbourne  Sydney,65000 - 75000,20 Jan 2025,19 Feb 2024,27 Mar 2024,1-5,"AUD 65,000 - 75,000 / Year"
Indigenous Graduate,TasNetworks,Hobart  Launceston  North West,N/A,1 Feb 2025 - 28 Feb 2025,,11 Mar 2024,,
Graduate Program (2025),Geoscience Australia,Canberra  ACT,72897 - 80202,1 Jan 2025 - 28 Feb 2025,4 Mar 2024,3 Apr 2024,6,"AUD 72,897 - 80,202 / Year
15.4% Superannuation, access to free onsite parking and gym facilities."
Software Engineer Graduate,Atlassian,Australia  New Zealand,80000 - 95000,5 Feb 2025 - 26 Feb 2025,26 Apr 2024,19 May 2024,1,"NZD 80,000 - 95,000 / Year"
Engineering Graduate Program - Systems  Electrical/Electronic/  Mechanical/Mechatronic Engineering,Saab Australia,Adelaide - Mawson Lakes. Melbourne - Hawthorn. Perth - Rockingham.,81000,20 Jan 2025,4 Mar 2024,9 Apr 2024,20-25,"AUD 81,000 / Year
6 weeks total leave, 13% superannuation, share matching scheme, free income protection insurance."
First Nations Pathway Graduate Program 2025,Telstra,Melbourne,65000 - 75000,27 Jan 2025 - 10 Feb 2025,11 Mar 2024,7 Apr 2024,200-210,"AUD 65,000 - 75,000 / Year"
USA Graduate Positions,International Working Holidays,South Portland,40730 - 97752,Ongoing,12 Dec 2023,1 Jan 2026,30-100,"USD 40,730 - 97,752 / Year
Benefits can include: Discounted staff housing, free meals on shift, free transfers to and from work, airport pickups, employee discount on hotel services, dining and spa treatments, group activities"
2025 Graduate Program Indigenous Pathway,Westpac Group,Sydney  Melbourne  Brisbane  Adelaide  Perth,70000 - 100000,17 Feb 2025,11 Mar 2024,5 Apr 2024,1,"AUD 70,000 - 100,000 / Year"
Disability & Accessibility Careers Pathway Graduate Program 2025,Telstra,Melbourne,65000 - 75000,27 Jan 2025 - 10 Feb 2025,11 Mar 2024,7 Apr 2024,200-210,"AUD 65,000 - 75,000 / Year"
Graduate Program,Contour Advisory,ACT,70000 - 80000,23 Jan 2023 - 6 Feb 2023,4 Mar 2024,2 Jun 2024,1-4,"AUD 70,000 - 80,000 / Year
Including Super, plus Professional Development Allowance"
Novartis Graduate Program,Novartis,Sydney,N/A,,,,,
Technical Pre-sales Graduate Program,Hewlett Packard Enterprise (HPE),Sydney & Melbourne,N/A,3 Feb 2025,1 Jul 2024,29 Sep 2024,1-2,
Data Analytics/Tech Graduate Program,GMHBA,Geelong Hybrid,72000,5 Feb 2025 - 19 Feb 2025,17 Jul 2024,17 Aug 2024,3-5,"AUD 72,000 / Year"
Infrastructure Engineer Graduate,Thales Group,Melbourne,N/A,Ongoing,,,,
Graduate Programs,ING Bank Australia,Sydney,N/A,,,,,
Graduate Programs,ING Bank Australia,Sydney,N/A,,,,,
Activate Graduate Program - Technologist,Australian Secret Intelligence Service (ASIS),Canberra,N/A,1 Mar 2025 - 31 Mar 2025,,31 Mar 2024,,
Data Science Grad Program,Australian Energy Market Operator (AEMO),Melbourne  Sydney  Norwest  Brisbane  Perth & Adelaide,80000 - 85000,5 Feb 2025,3 Apr 2024,30 Apr 2024,2-10,"AUD 80,000 - 85,000 / Year
+ Superannuation & annual bonus"
Technology/Digital Grad Program,Australian Energy Market Operator (AEMO),Melbourne  Sydney  Norwest  Brisbane  Perth & Adelaide,80000 - 85000,5 Feb 2025,3 Apr 2024,30 Apr 2024,2-10,"AUD 80,000 - 85,000 / Year
+ Superannuation & annual bonus"
Graduate Program,Bain & Company Australia,Sydney  Melbourne & Perth,N/A,Ongoing,,,,
Data Analytics Graduate Program,Allianz Australia,Sydney,70000 - 80000,12 Feb 2025,24 Jul 2024,3 Sep 2024,3,"AUD 70,000 - 80,000 / Year"
2025 Global Transaction Services Graduate Program,Westpac Group,Sydney,70000 - 100000,17 Feb 2025,11 Mar 2024,5 Apr 2024,1,"AUD 70,000 - 100,000 / Year"
Investment Banking Analyst Graduate,Greenhill & Co. Australia,Sydney & Melbourne,N/A,ASAP,,22 Mar 2024,,
2025 Corporate & Institutional Banking Graduate Program,Westpac Group,Sydney & Melbourne,70000 - 100000,17 Feb 2025,11 Mar 2024,5 Apr 2024,1,"AUD 70,000 - 100,000 / Year"
Investment Banking Graduate Program,Nomura,Sydney,N/A,1 Feb 2025 - 28 Feb 2025,,9 Apr 2024,,
Graduate Technology Program,Macquarie Group,Melbourne & Sydney,N/A,Ongoing,,,,
2025 Graduate Trader,VivCourt Trading,Sydney,160000 - 180000,10 Feb 2025,16 Feb 2024,8 Apr 2024,10,"AUD 160,000 - 180,000 / Year
Plus package"
Development Program - Multi-Discipline,Mainfreight Australia,Australia,60000 - 70000,Ongoing,1 Jan 2024,31 Dec 2024,1-70,"AUD 60,000 - 70,000 / Year
per annum plus super"
Trainee Recruitment Consultant,FDM Group,Sydney,66000,ASAP,10 Sep 2023,30 Jun 2024,1-2,"AUD 66,000 / Year
Salary package + commission + share options"
2025 Graduate Trader - Computer Science,VivCourt Trading,Sydney,160000 - 180000,10 Feb 2025,16 Feb 2024,8 Apr 2024,10,"AUD 160,000 - 180,000 / Year
Plus package"
Graduate Quantitative Trader (Feb 2025),Optiver,Sydney,250000,21 Feb 2025,5 Feb 2024,24 May 2024,10-15,"AUD 250,000 / Year
+ Bonus"
Data Analytics GRADStart Program,Queensland Treasury,Brisbane,71151 - 78951,10 Feb 2025,11 Mar 2024,1 Apr 2024,12,"AUD 71,151 - 78,951 / Year"
Intern and Graduate Program,Mintwell Australia,Sydney,N/A,Ongoing,,31 Dec 2024,,
Consultant/Analyst Graduate,Ember Advisors,Sydney  Melbourne  Canberra,90000 - 100000,20 Jan 2025 - 17 Feb 2025,22 Feb 2024,29 Mar 2024,6-10,"AUD 90,000 - 100,000 / Year"
Data Analysts  Geospatial Analysts  Data Managers,Australian Bureau of Statistics (ABS),Canberra  Adelaide  Brisbane  Hobart  Melbourne  Perth & Sydney,63000 - 81000,3 Feb 2025 - 28 Feb 2025,4 Mar 2024,3 Apr 2024,100-400,"AUD 63,000 - 81,000 / Year
Plus superannuation."
Mathematicians / Statisticians,Australian Bureau of Statistics (ABS),Canberra  Adelaide  Brisbane  Hobart  Melbourne  Perth & Sydney,63000 - 81000,3 Feb 2025 - 28 Feb 2025,4 Mar 2024,3 Apr 2024,100-400,"AUD 63,000 - 81,000 / Year
Plus superannuation"
Data Scientists,Australian Bureau of Statistics (ABS),Canberra  Adelaide  Brisbane  Hobart  Melbourne  Perth & Sydney,63000 - 81000,3 Feb 2025 - 28 Feb 2025,4 Mar 2024,3 Apr 2024,100-400,"AUD 63,000 - 81,000 / Year
Plus superannuation"
2025 Graduate Quantitative Trader - Computer Science,VivCourt Trading,Sydney,160000 - 180000,10 Feb 2025,16 Feb 2024,8 Apr 2024,10,"AUD 160,000 - 180,000 / Year
Plus package"
2025 Graduate Software Engineer - Computer Science  Engineering,VivCourt Trading,Sydney,160000 - 180000,10 Feb 2025,16 Feb 2024,8 Apr 2024,10,"AUD 160,000 - 180,000 / Year
Plus package"
Functional Associate Consultant Graduate,Oracle Australia,Sydney,N/A,Ongoing,,,,
Technical Cloud Analyst Graduate,Oracle Australia,Sydney,N/A,1 Jun 2024 - 30 Jun 2024,,,,
Sales Consultant,Prosple,Remote,60000 - 70000,ASAP,9 Feb 2024,31 Mar 2024,1,"AUD 60,000 - 70,000 / Year
$110k OTE (on-target earnings)"
Software Engineering Program,Publicis Sapient,ACT  NSW & VIC,60000 - 70000,10 Mar 2025 - 6 Oct 2025,4 Aug 2024,26 Aug 2024,1-8,"AUD 60,000 - 70,000 / Year"
Geoscience Software Engineer (Forestry and Resources),Department of Energy  Environment and Climate Action (DEECA),All rotations are in Melbourne CBD,62604,29 Jan 2025,9 Jun 2024,10 Jul 2024,1,"AUD 62,604 / Year
Generous program and self-directed learning and development during program"
SAS Workforce Connection Program,SAS,Sydney  Melbourne  Brisbane  Perth or Canberra,1,Ongoing,1 Nov 2021,31 Dec 2024,1,"AUD 1 / Year
Varies"
Associate Service Delivery Manager,Macquarie Technology Group,On-site,55000 - 70000,ASAP,17 Jan 2024,5 Apr 2024,1-3,"AUD 55,000 - 70,000 / Year
5 days of additional leave and 10k Bonus per annum. Pay bumps every 6 months when you complete certifications."
ABB Discovery Talent Program,ABB Australia,Sydney  NSW,49000 - 80000,,,,,"AUD 49,000 - 80,000 / Year
GradAustralia salary estimate"
2025 Management Trainee Program – Finance Stream,L'Oréal Australia and New Zealand,Melbourne,66500 - 75000,29 Jan 2025,1 Mar 2024,31 Mar 2024,2,"AUD 66,500 - 75,000 / Year
Above Base + Super + Profit Share + Extra Leave + Yearly Product Allowance + Additional Discounts"
2025 Management Trainee Program – Supply Chain & Operations Stream,L'Oréal Australia and New Zealand,Melbourne,66500 - 75000,29 Jan 2025,1 Mar 2024,31 Mar 2024,2-3,"AUD 66,500 - 75,000 / Year
Above Base + Super + Profit Share + Extra Leave + Yearly Product Allowance + Additional Discounts"
2025 Management Trainee Program – Marketing Stream,L'Oréal Australia and New Zealand,Melbourne,66500 - 75000,29 Jan 2025,1 Mar 2024,31 Mar 2024,1-15,"AUD 66,500 - 75,000 / Year
Above Base + Super + Profit Share + Extra Leave + Yearly Product Allowance + Additional Discounts"
2025 Management Trainee Program – Data & Analytics Stream,L'Oréal Australia and New Zealand,Melbourne,66500 - 75000,29 Jan 2025,1 Mar 2024,31 Mar 2024,1-3,"AUD 66,500 - 75,000 / Year
Above Base + Super + Profit Share + Extra Leave + Yearly Product Allowance + Additional Discounts"
2025 Management Trainee Program – Commercial Stream,L'Oréal Australia and New Zealand,Melbourne,66500 - 75000,29 Jan 2025,1 Mar 2024,31 Mar 2024,1-8,"AUD 66,500 - 75,000 / Year
Above Base + Super + Profit Share + Extra Leave + Yearly Product Allowance + Additional Discounts"
Leadership Development Program,Teach For Australia,Northern Territory  South Australia  Tasmania  Victoria  Western Australia,62000 - 75000,1 Nov 2024 - 30 Nov 2024,26 Feb 2024,7 Apr 2024,225-275,"AUD 62,000 - 75,000 / Year"
Information Technology Career Accelerator Program,Transport for NSW,Sydney,56790 - 77370,Ongoing,10 May 2024,28 May 2024,10-25,"AUD 56,790 - 77,370 / Year"
Quant Trader Developer Mathematics,Tibra Capital,Austinmer  NSW,150000,Ongoing,31 Jan 2023,31 Jul 2024,5-10,"AUD 150,000 / Year
+ bonus"
Quant Trader Developer Data Science and Analytics,Tibra Capital,Austinmer  NSW,150000,Ongoing,31 Jan 2023,31 Jul 2024,5-10,"AUD 150,000 / Year
+ bonus"
Quant Trader Developer Computer Science,Tibra Capital,Austinmer  NSW,150000,Ongoing,1 Feb 2023,31 Jul 2024,5-10,"AUD 150,000 / Year
+ bonus"
Quant Trader Developer Software Engineering,Tibra Capital,Austinmer  NSW,150000,Ongoing,1 Feb 2023,31 Jul 2024,5-10,"AUD 150,000 / Year
+ bonus"
Backend Software Engineer (Trust and Safety Engineering),TikTok Australia & New Zealand,Sydney,100000 - 120000,Ongoing,15 Feb 2024,30 Apr 2024,1-50,"AUD 100,000 - 120,000 / Year"
Quant Trader Developer Engineering,Tibra Capital,Austinmer  NSW,150000,Ongoing,1 Feb 2023,31 Jul 2024,5-10,"AUD 150,000 / Year
+ bonus"
NetSuite Business Development Representative Program,Oracle Australia,North Ryde,N/A,1 Jan 2024 - 31 Jan 2024,,,,
ICT - Applications & Software Engineering,Inland Rail,Brisbane,75600,1 Jul 2024,21 Feb 2024,20 Mar 2024,1,"AUD 75,600 / Year"
Intelligence Development Program - (2025-2026),Australian Security Intelligence Organisation (ASIO),Canberra,89967 - 105909,1 Jul 2025 - 31 Mar 2026,26 Feb 2024,29 Apr 2024,1,"AUD 89,967 - 105,909 / Year"
Software Engineer,Jane Street,Hong Kong,2000000,Ongoing,13 Feb 2024,31 May 2024,1-5,"HKD 2,000,000 / Year
Base salary is only one part of total compensation, which includes an annual discretionary bonus."
Production Engineer,Jane Street,Hong Kong,2000000,Ongoing,13 Feb 2024,31 May 2024,1-5,"HKD 2,000,000 / Year
Base salary is only one part of total compensation, which includes an annual discretionary bonus."
Junior Software Engineer (Defence) - DXC Young Professionals,DXC Technology,Adelaide,80000,Ongoing,12 Feb 2024,8 Apr 2024,1-25,"AUD 80,000 / Year"
Quantitative Researcher,Jane Street,Hong Kong,2250000,Ongoing,13 Feb 2024,31 May 2024,1-5,"HKD 2,250,000 / Year
Base salary is only one part of total compensation, which includes an annual discretionary bonus."
Quantitative Trader,Jane Street,Hong Kong,2250000,Ongoing,13 Feb 2024,31 May 2024,1-10,"HKD 2,250,000 / Year
Base salary is only one part of total compensation, which includes an annual discretionary bonus."
Trading Desk Operations Engineer,Jane Street,Hong Kong,1000000,Ongoing,13 Feb 2024,31 May 2024,1-5,"HKD 1,000,000 / Year
Base salary is only one part of total compensation, which includes an annual discretionary bonus."
Unilever Future Leaders Programme,Unilever Australia and New Zealand,Sydney - Hybrid,70000 - 80000,23 Jan 2025 - 6 Feb 2025,1 Jul 2024,1 Aug 2024,1-4,"AUD 70,000 - 80,000 / Year"
Women in Finance Scholarship Development Program,Jarden,Sydney & Melbourne,50000 - 150000,17 Jun 2024,8 Mar 2024,28 Mar 2024,2-6,"AUD 50,000 - 150,000 / Year"
Software Technical Support Engineer,Schneider Electric Australia & New Zealand,Sydney,N/A,Ongoing,,,,
Parallax Labs Intern,Northrop Grumman Australia,Opportunities Available around Australia,60000 - 70000,25 Nov 2024,15 Apr 2024,29 Apr 2024,1,"AUD 60,000 - 70,000 / Year"
Analytics & Sales Programme (2025),Bloomberg L.P.,Sydney,75000 - 80000,1 Jan 2025 - 1 Dec 2025,24 Feb 2024,16 Mar 2024,1-4,"AUD 75,000 - 80,000 / Year"
2025 International Student Opportunities,Deloitte Australia,Australia wide,62000 - 75000,1 Feb 2025 - 1 Mar 2025,28 Feb 2024,10 Apr 2024,1-100,"AUD 62,000 - 75,000 / Year"
Join the EY Talent Community!,EY Australia,Melbourne  Perth  Adelaide  Brisbane  Canberra and Sydney,1,Ongoing,22 May 2023,22 May 2024,1-1000,AUD 1 / Year
ERP Project Leader,Odoo,Gold Coast  Queensland,71000 - 91000,ASAP,1 Feb 2024,31 May 2024,4-8,"AUD 71,000 - 91,000 / Year"
HSE Coordinator - Road Transport Safety,Toll Group,Sydney  Brisbane,80000,ASAP,16 Feb 2024,29 Mar 2024,1,"AUD 80,000 / Year"
Global Banking Operations Full Time Analyst,Bank of America Australia,Sydney,N/A,Ongoing,,9 Apr 2024,,
Global Investment Banking & Capital Markets Full Time Analyst,Bank of America Australia,Sydney,N/A,Ongoing,,9 Apr 2024,,
Global Compliance & Operational Risk Full-Time Analyst Program,Bank of America Australia,Sydney,N/A,Ongoing,,9 Apr 2024,,
